manufacturer,disc_name,speed,glide,turn,fade,stability,disc_type,discontinued
Quest Applied Technologies,10 Meter Brick,,,,,unknown,unknown,True
Quest Applied Technologies,10 Meter Crossfire,,,,,unknown,unknown,True
Quest Applied Technologies,100 Meter Lazer,,,,,unknown,unknown,True
Arsenal Discs,50 Cal,10.0,4.0,-2.0,2.0,neutral,fairway driver,True
Gateway,844 Sabre,,,,,unknown,unknown,False
Tomahawk Specialty Discs,9 Iron Chip & Putt,,,,,unknown,unknown,False
Prodigy,A1,4.0,2.0,0.0,5.0,overstable,putt and approach,False
Prodigy,A2,4.0,2.0,0.0,4.0,overstable,putt and approach,False
Prodigy,A3,4.0,3.0,0.0,3.0,overstable,putt and approach,False
Prodigy,A4,4.0,3.0,-1.0,3.0,overstable,putt and approach,True
Prodigy,A5,4.0,3.0,0.0,2.0,overstable,putt and approach,False
Doomsday Discs,Abomination,,,,,unknown,unknown,False
Storm Disc Golf,Abyss,8.0,4.0,0.0,3.0,overstable,fairway driver,False
Above Ground Level,Acacia,3.0,4.0,0.0,0.0,neutral,putt and approach,False
Innova,Ace,,,,,unknown,unknown,True
Discraft,Ace Race 2024,,,,,unknown,unknown,False
Ballisdisc,ACP,,,,,unknown,unknown,False
Circus Discs,AD1,,,,,unknown,unknown,False
Wild Discs,Addax,5.0,5.0,0.0,2.0,overstable,mid_range,True
Wild Discs,Addax V2,5.0,5.0,0.0,1.0,neutral,mid_range,True
Westside,Adder,13.0,5.0,0.0,4.0,overstable,distance driver,False
Yeet Street Discs,Adonis,10.0,5.0,-3.0,1.0,understable,fairway driver,False
Discount Disc Golf,Adrenaline Junkie,9.0,5.0,-2.0,2.0,neutral,fairway driver,False
H13 Disc Golf,Adventurer,7.0,5.0,-1.0,1.0,neutral,fairway driver,False
Innova,Aero,3.0,6.0,0.0,0.0,neutral,putt and approach,False
Legacy Discs,Aftermath,13.0,5.0,-2.0,3.0,neutral,distance driver,False
DGA,Aftershock,5.0,4.0,0.0,2.0,overstable,mid_range,False
Dynamic Discs,Agent,2.0,3.0,0.0,1.0,neutral,putt and approach,False
EV-7,Agera,2.0,5.0,-2.0,1.0,neutral,putt and approach,False
Westside,Ahti,9.0,3.0,0.0,4.0,overstable,fairway driver,False
Gateway,Air Strike,13.0,5.0,-2.0,2.0,neutral,distance driver,True
Kestrel Outdoors,AirFlight,9.0,5.0,-2.0,2.0,neutral,fairway driver,False
Fly High Discs,AK-47,3.0,4.0,0.0,1.0,neutral,putt and approach,True
Daredevil,Albatross,14.0,6.0,-2.0,3.0,neutral,distance driver,False
Albatross Disc Golf,Albatrossdisc Driver,,,,,unknown,unknown,False
Albatross Disc Golf,Albatrossdisc Midrange,,,,,unknown,unknown,False
Albatross Disc Golf,Albatrossdisc Putter,,,,,unknown,unknown,False
Axiom,Alias,4.0,4.0,-1.0,1.0,neutral,putt and approach,True
Innova,Alien,4.0,2.0,0.0,1.0,neutral,putt and approach,False
Hole19 sarl,All in One,,,,,unknown,unknown,False
Dino Discs,Allosaurus,12.0,6.0,-3.0,1.0,understable,distance driver,False
Clash Discs,Almond,,,,,unknown,unknown,False
Infinite Discs,Alpaca,3.0,3.0,0.0,1.0,neutral,putt and approach,False
Divergent Discs,Alpas,4.0,4.0,-2.0,1.0,neutral,putt and approach,False
Mint Discs,Alpha,8.0,4.0,0.0,2.0,overstable,fairway driver,False
Thought Space Athletics,Alter,3.0,3.0,0.0,1.0,neutral,putt and approach,False
Kastaplast,Alva,11.0,6.0,-2.0,2.0,neutral,distance driver,False
Latitude 64,Amber,11.0,6.0,-3.0,2.0,neutral,distance driver,False
Goliath Discs,Ambush,12.0,6.0,-3.0,2.0,neutral,distance driver,False
Visionary Disc Golf,Amethyst,5.0,5.0,-1.0,1.0,neutral,mid_range,False
MVP,Amp,8.0,5.0,-1.5,1.0,neutral,fairway driver,True
Gateway,Amphibian,10.0,6.0,-4.0,2.0,understable,fairway driver,False
Prodiscus,Amulet,5.0,4.0,1.0,3.0,overstable,mid_range,False
Discraft,Anax,10.0,6.0,0.0,3.0,overstable,fairway driver,False
Latitude 64,Anchor,5.0,4.0,0.0,3.0,overstable,mid_range,False
Ozone Discs,Andro 1,6.0,3.5,-1.0,2.0,neutral,mid_range,True
Ozone Discs,Andro C,6.0,4.0,-1.0,2.0,neutral,mid_range,True
Wild Discs,Angler,4.0,3.0,0.0,3.0,overstable,putt and approach,True
Innova,Animal,2.0,1.0,0.0,1.0,neutral,putt and approach,False
Thought Space Athletics,Animus,10.5,4.5,-0.5,2.5,overstable,distance driver,False
Dino Discs,Ankylosaurus,2.0,3.0,-1.0,0.0,neutral,putt and approach,True
MVP,Anode,2.5,3.0,0.0,0.5,neutral,putt and approach,False
Salient,Antidote,5.0,5.0,0.0,1.0,neutral,mid_range,True
Infinite Discs,Anubis,5.0,5.0,0.0,0.0,neutral,mid_range,False
Westside,Anvil,4.0,2.0,0.0,4.0,overstable,putt and approach,False
Gateway,Apache,10.0,6.0,0.0,2.0,overstable,fairway driver,True
Innova,Ape,13.0,5.0,0.0,4.0,overstable,distance driver,False
Gateway,Apex,11.0,6.0,-1.0,1.5,neutral,distance driver,False
Doomsday Discs,Apocalypse,12.0,1.0,1.0,6.0,overstable,distance driver,False
Alfa Discs,Apollo,5.0,5.0,-1.0,2.0,neutral,mid_range,False
Innova,Apple,,,,,unknown,unknown,True
Goeringer Discs,Apple Blossom,,,,,unknown,unknown,False
Discraft,APX,2.0,2.0,-1.0,1.0,neutral,putt and approach,False
XCom,Aqu,5.0,4.0,0.0,3.0,overstable,mid_range,False
Discape Disc Golf,Aquarion,3.0,3.0,0.0,1.0,neutral,putt and approach,False
Millennium,Aquarius,8.0,5.0,-3.0,2.0,neutral,fairway driver,False
XCom,Aquila,9.0,4.0,0.0,3.0,overstable,fairway driver,False
Innova,Arachnid,5.0,6.0,-1.0,1.0,neutral,mid_range,False
Prysm Discs,Arc,,,,,unknown,unknown,True
Vibram,Arch,8.0,5.0,0.0,2.0,overstable,fairway driver,True
Innova,Archangel,8.0,6.0,-4.0,1.0,understable,fairway driver,False
Discraft,Archer,5.0,4.0,-4.0,1.0,understable,mid_range,False
Prodigy,Archive,5.0,5.0,0.0,2.0,overstable,mid_range,False
Innova,Archon,11.0,5.0,-2.0,2.0,neutral,distance driver,False
Rogue Iron,Arctic,5.0,5.0,-1.5,1.0,neutral,mid_range,False
RPM Discs,Arcturus,5.0,6.0,-1.0,0.0,neutral,mid_range,True
Doomsday Discs,Area 51,4.0,3.0,0.0,2.5,overstable,putt and approach,False
Discraft,Ares,12.0,6.0,-1.0,2.0,neutral,distance driver,False
XCom,Ari,9.0,4.0,0.0,3.0,overstable,fairway driver,False
Millennium,Aries,11.0,6.0,-4.0,2.0,understable,distance driver,False
Goliath Discs,Ark,9.0,4.0,-1.0,2.0,neutral,fairway driver,False
Lone Star Disc,Armadillo,1.0,2.0,0.0,1.0,neutral,putt and approach,False
Elevation Disc Golf,Arowana,3.0,3.0,-1.0,2.0,neutral,putt and approach,False
Aerobie,Arrow,,,,,unknown,unknown,True
Sacred Discs,Arrowhead,4.0,3.0,0.0,1.0,neutral,putt and approach,False
Lone Star Disc,Artemis,4.0,4.0,0.0,2.0,overstable,putt and approach,False
Infinite Discs,Artifact,2.0,3.0,-1.0,0.0,neutral,putt and approach,False
Streamline,Ascend,6.0,5.0,-3.0,0.5,understable,mid_range,False
Vibram,Ascent,8.0,4.0,0.0,3.0,overstable,fairway driver,True
Forge Discs,Ash,5.0,3.0,0.0,1.0,neutral,mid_range,False
Axiom,Aspect,9.0,5.0,0.0,2.0,overstable,fairway driver,False
Gateway,Assassin,9.0,6.0,-1.5,1.0,neutral,fairway driver,False
All 4 Frisbee,Asteroid,,,,,unknown,unknown,False
Millennium,Astra,11.0,5.0,-1.0,2.0,neutral,distance driver,False
Millennium,Astra-X,11.0,5.0,0.0,4.0,overstable,distance driver,False
H13 Disc Golf,Astray,5.0,4.0,0.0,3.0,overstable,mid_range,False
Discmania,Astronaut,12.0,6.0,-4.0,1.0,understable,distance driver,True
Discraft,Athena,7.0,5.0,0.0,2.0,overstable,fairway driver,False
Alfa Discs,Atlantis,9.0,6.0,-4.0,1.0,understable,fairway driver,False
Innova,Atlas,5.0,4.0,0.0,1.0,neutral,mid_range,False
MVP,Atom,3.0,3.0,0.0,1.0,neutral,putt and approach,False
Gateway,Aura,12.0,6.0,-2.0,1.0,neutral,distance driver,False
Millennium,Aurora MF,,,,,unknown,unknown,False
Millennium,Aurora MS,4.0,5.0,0.0,0.0,neutral,putt and approach,False
Streamline,Autopilot,,,,,unknown,unknown,False
DGA,Avalanche,9.0,3.0,0.0,4.0,overstable,fairway driver,False
Innova,Avatar,5.0,4.0,0.0,2.0,overstable,mid_range,False
Discraft,Avenger,10.0,5.0,0.0,3.0,overstable,fairway driver,False
Discraft,Avenger SS,10.0,5.0,-3.0,1.0,understable,fairway driver,False
Innova,Aviar,2.0,3.0,0.0,1.0,neutral,putt and approach,False
Innova,Aviar Driver,2.0,3.0,0.0,2.0,overstable,putt and approach,True
Innova,Aviar3,3.0,2.0,0.0,2.0,overstable,putt and approach,False
Innova,AviarX3,3.0,2.0,0.0,3.0,overstable,putt and approach,False
Viking Discs,Axe,4.0,3.0,0.0,1.0,neutral,putt and approach,False
MVP,Axis,5.0,5.0,-1.0,1.0,neutral,mid_range,True
Infinite Discs,Aztec,10.0,5.0,-1.0,2.0,neutral,fairway driver,False
Quest Applied Technologies,Backbone,,,,,unknown,unknown,True
Salient,Backdraft,12.0,5.0,-1.0,2.0,neutral,distance driver,True
Legacy Discs,Badger,5.0,3.0,0.0,3.0,overstable,mid_range,False
STM Disc Golf,Badia,8.0,5.0,0.0,1.5,overstable,fairway driver,False
Pie Pan Discs,Bagger,2.0,3.0,0.0,1.0,neutral,putt and approach,False
Bernoulli,Bailey Roller,,,,,unknown,unknown,False
Essential Discs,Balance,5.0,5.0,0.0,1.5,overstable,mid_range,False
Latitude 64,Ballista,14.0,5.0,-1.0,3.0,overstable,distance driver,False
Latitude 64,Ballista Pro,14.0,4.0,0.0,3.0,overstable,distance driver,False
Rip Disc Golf,Ballistic,13.0,4.0,-2.0,3.0,neutral,distance driver,True
Legacy Discs,Bandit,9.0,5.0,-2.0,1.0,neutral,fairway driver,False
Discraft,Banger GT,2.0,3.0,0.0,1.0,neutral,putt and approach,False
Lucky Discs,Bank Robber,8.0,5.0,-1.0,2.0,neutral,fairway driver,False
Innova,Banshee,7.0,3.0,0.0,3.0,overstable,fairway driver,False
DGA,Banzai,8.0,4.0,0.0,3.0,overstable,fairway driver,False
Above Ground Level,Baobab,4.0,0.0,1.0,3.0,overstable,putt and approach,False
Compound Discs,Barb,4.0,3.0,0.0,3.0,overstable,putt and approach,False
Viking Discs,Barbarian,7.0,5.0,0.0,2.0,overstable,fairway driver,False
Westside,Bard,5.0,4.0,0.0,3.0,overstable,mid_range,False
Clash Discs,Barley,,,,,unknown,unknown,False
Innova,Barracuda,5.0,4.0,-2.0,3.0,neutral,mid_range,True
Lone Star Disc,Bash,2.0,3.0,0.0,2.0,overstable,putt and approach,False
Divergent Discs,Basilisk,12.0,5.0,-4.0,1.0,understable,distance driver,False
Remix Disc Golf,Battleship,5.0,4.5,0.0,2.5,overstable,mid_range,False
Lone Star Disc,Bayonet,13.0,5.0,-2.0,2.0,neutral,distance driver,False
Lone Star Disc,BB6,5.0,5.0,-2.0,1.0,neutral,mid_range,False
Full Turn,Beacon,5.0,3.0,0.5,3.0,overstable,mid_range,False
MVP,Beam,,,,,unknown,unknown,False
Westside,Bear,8.0,6.0,-0.5,2.5,overstable,fairway driver,False
Lone Star Disc,BearKat,5.0,5.0,-2.0,1.0,neutral,mid_range,False
Innova,Beast,10.0,5.0,-2.0,2.0,neutral,fairway driver,False
Daredevil,Beaver,2.0,3.0,-1.0,1.0,neutral,putt and approach,False
ABC Discs,Bee Line,14.0,5.0,-3.0,2.0,neutral,distance driver,True
Above Ground Level,Beech,5.0,2.0,0.0,3.0,overstable,mid_range,False
Latitude 64,Beetle,1.0,7.0,-1.0,0.0,neutral,putt and approach,False
Kestrel Outdoors,Beginner Beaded Mid-Range,3.0,3.0,0.0,2.0,overstable,putt and approach,False
Kestrel Outdoors,Beginner Beadless Mid-Range,4.0,4.0,0.0,2.0,overstable,putt and approach,False
Kestrel Outdoors,Beginner Fairway Driver,7.0,6.0,-1.0,1.0,neutral,fairway driver,False
Kestrel Outdoors,Beginner Putter,2.0,3.0,0.0,2.0,overstable,putt and approach,False
Remix Disc Golf,Behemoth,12.0,4.5,-1.0,3.0,overstable,distance driver,False
Climo Disc Golf,Belleair,5.0,4.0,0.0,2.0,overstable,mid_range,False
Lone Star Disc,Benny,3.0,4.0,0.0,2.0,overstable,putt and approach,False
Kastaplast,Berg,1.0,1.0,0.0,2.0,overstable,putt and approach,False
Kastaplast,Berg X,1.0,1.0,1.0,2.0,overstable,putt and approach,False
Gram Discs,Berlin,11.0,6.0,-3.0,2.0,neutral,distance driver,False
Bernoulli,Bernoulli,3.0,4.0,0.0,1.0,neutral,putt and approach,False
Clash Discs,Berry,5.0,5.0,-1.0,1.0,neutral,mid_range,False
Viking Discs,Berserker,10.0,5.0,-3.0,2.0,neutral,fairway driver,False
Black Zombie Disc Golf,Berzerker,12.0,4.0,0.0,3.0,overstable,distance driver,False
Eurodisc,Beyond,12.0,6.0,-4.0,1.0,understable,distance driver,False
Yikun,Bi,9.0,5.0,-1.0,2.0,neutral,fairway driver,False
National Perk Service,Big Bend,,,,,unknown,unknown,False
Gateway,Big Dog,,,,,unknown,unknown,False
Daredevil,Big Foot,13.0,6.0,-2.0,2.0,neutral,distance driver,False
Innova,Big Kahuna,,,,,unknown,unknown,False
Daredevil,Bighorn,2.0,3.0,0.0,1.0,neutral,putt and approach,False
Elevation Disc Golf,Binx,8.0,5.0,0.0,1.0,neutral,fairway driver,False
Rogue Iron,Biome,3.0,4.0,-1.0,0.5,neutral,putt and approach,False
Paradigm Disc Golf,Bird-Dog,,,,,unknown,unknown,True
Innova,Birdie,1.0,2.0,0.0,0.0,neutral,putt and approach,False
Latitude 64,Bite,,,,,unknown,unknown,False
Doomsday Discs,Blackout,8.0,5.0,-2.0,1.0,neutral,fairway driver,False
Gateway,Blade,9.0,5.0,0.0,3.0,overstable,fairway driver,False
DGA,Blast,4.0,2.0,0.0,4.0,overstable,putt and approach,False
Gateway,Blast DT,,,,,unknown,unknown,False
Gateway,Blaze,7.0,4.0,0.0,3.0,overstable,fairway driver,False
Doomsday Discs,Bleak,2.0,4.0,-1.0,1.0,neutral,putt and approach,False
Doomsday Discs,Blight,,,,,unknown,unknown,False
Orbital Discs,Bliss,5.0,5.0,0.0,2.0,overstable,mid_range,True
Latitude 64,Blitz,12.0,3.0,0.0,4.0,overstable,distance driver,True
Windward Discs,Blizzard,10.0,5.0,0.0,2.0,overstable,fairway driver,True
DGA,Blowfly I,2.0,2.0,0.0,2.0,overstable,putt and approach,False
DGA,Blowfly II,3.0,2.0,0.0,2.0,overstable,putt and approach,False
GT Discs,Blue Moon,3.0,3.0,0.0,2.0,overstable,putt and approach,False
Grassland Discs,Blue-Winged Teal,5.0,5.0,-2.0,1.0,neutral,mid_range,False
Lone Star Disc,Bluebonnet,2.0,3.0,0.0,1.0,neutral,putt and approach,False
Appalachian Discs,Bluegrass,,,,,unknown,unknown,False
DGA,Blunt Gumbputt,2.0,2.0,0.0,2.0,overstable,putt and approach,True
Gateway,Blurr,,,,,unknown,unknown,False
Westside,Boatman,11.0,5.0,0.0,2.0,overstable,distance driver,False
Mint Discs,Bobcat,5.0,4.0,0.0,2.5,overstable,mid_range,False
Loft Discs,Bohrium,14.0,6.0,-1.0,3.0,overstable,distance driver,False
Axiom,Bokeh,7.0,6.0,0.0,1.0,neutral,fairway driver,False
Discape Disc Golf,Bolderbane,2.0,4.0,-1.0,1.0,neutral,putt and approach,False
Latitude 64,Bolt,13.0,6.0,-2.0,3.0,neutral,distance driver,False
Goto Disc Golf,Bongo,2.0,3.0,0.0,1.0,neutral,putt and approach,False
Streamline,Boost,9.5,4.0,0.0,2.5,overstable,fairway driver,False
Innova,Boss,13.0,5.0,-1.0,3.0,overstable,distance driver,False
Dynamic Discs,Bounty,4.0,5.0,-1.5,0.5,neutral,putt and approach,False
Lone Star Disc,Bowie,13.0,5.0,0.0,4.0,overstable,distance driver,False
Albatross Disc Golf,Bowrider,12.0,6.0,-4.0,1.0,understable,distance driver,False
Dino Discs,Brachiosaurus,5.0,5.0,-4.5,1.0,understable,mid_range,False
Latitude 64,Brave,7.0,6.0,-1.0,2.0,neutral,fairway driver,False
Lone Star Disc,Brazos,7.0,5.0,0.0,2.0,overstable,fairway driver,False
DGA,Breaker,3.0,3.0,0.0,3.0,overstable,putt and approach,False
Dynamic Discs,Breakout,8.0,5.0,-1.0,1.5,neutral,fairway driver,False
Essential Discs,Breath,5.0,6.0,-2.0,1.0,neutral,mid_range,False
Discraft,Breeze,,,,,unknown,unknown,True
Dino Discs,Brontosaurus,5.0,5.0,-1.0,0.5,neutral,mid_range,False
ColorYourGame,Brushstroke,7.0,5.0,-1.0,1.0,neutral,fairway driver,False
Latitude 64,Bryce,9.0,6.0,-2.0,2.0,neutral,fairway driver,True
Daredevil,Buffalo,9.0,4.0,-1.0,5.0,overstable,fairway driver,False
FlyTec,Bull Bay,4.0,4.0,-1.0,1.0,neutral,putt and approach,True
Lone Star Disc,Bull Snake,3.0,2.0,0.0,4.0,overstable,putt and approach,False
Innova,Bulldog,4.0,3.0,0.0,2.0,overstable,putt and approach,True
Mint Discs,Bullet,2.0,4.0,0.0,1.0,neutral,putt and approach,False
Innova,Bullfrog,3.0,1.0,0.0,1.0,neutral,putt and approach,False
Hero Disc,Bullseye,2.0,3.0,0.0,2.0,overstable,putt and approach,False
FotCot Discs,BumbleBob,3.0,4.0,-1.0,0.0,neutral,putt and approach,False
Doomsday Discs,Bunker Buster,7.0,4.0,0.0,2.0,overstable,fairway driver,False
Good Tree Disc Golf,Burl,5.0,4.0,-1.0,1.0,neutral,mid_range,False
Good Tree Disc Golf,Burl+,5.0,3.0,0.0,2.0,overstable,mid_range,False
Good Tree Disc Golf,Burl-,5.0,4.0,-2.0,1.0,neutral,mid_range,False
Clash Discs,Butter,2.0,3.0,0.0,1.0,neutral,putt and approach,False
Discraft,Buzzz,5.0,4.0,-1.0,1.0,neutral,mid_range,False
Discraft,Buzzz GT,5.0,5.0,0.0,1.0,neutral,mid_range,True
Discraft,Buzzz OS,5.0,4.0,0.0,3.0,overstable,mid_range,False
Discraft,Buzzz SS,5.0,4.0,-2.0,1.0,neutral,mid_range,False
Arsenal Discs,C4,3.0,3.0,0.0,1.0,neutral,putt and approach,True
Lone Star Disc,Cactus,10.0,5.0,-2.0,2.0,neutral,fairway driver,False
Innova,Caiman,5.5,2.0,0.0,4.0,overstable,mid_range,False
Obsidian Discs,Caldera,12.0,5.0,-1.0,2.0,neutral,distance driver,False
Latitude 64,Caltrop,2.0,2.0,0.0,2.0,overstable,putt and approach,True
XCom,Cancer,,,,,unknown,unknown,False
XCom,Cancer S,,,,,unknown,unknown,False
Clash Discs,Candy,3.0,3.0,-1.0,1.0,neutral,putt and approach,False
Legacy Discs,Cannon,14.0,5.0,-3.0,3.0,neutral,distance driver,False
Trash Panda,Canyon,4.0,3.0,0.0,2.0,overstable,putt and approach,False
Albatross Disc Golf,Canyon Echo,9.0,6.0,-2.0,0.0,understable,fairway driver,False
XCom,Capricornus,5.0,4.0,-2.0,0.0,understable,mid_range,False
Dynamic Discs,Captain,13.0,5.0,-2.0,2.0,neutral,distance driver,False
Discraft,Captain Raptor,9.0,3.0,1.0,4.0,overstable,fairway driver,False
Discraft,Captain Thrasher,12.0,5.0,0.0,2.0,overstable,distance driver,False
Discraft,Captains Caliber,3.0,3.0,0.0,2.0,overstable,putt and approach,False
Elevation Disc Golf,Capybara,5.0,5.0,-2.0,1.0,neutral,mid_range,False
Albatross Disc Golf,Caravel,,,,,unknown,unknown,False
Stokely Discs,Cardinal,5.0,4.0,0.0,2.5,overstable,mid_range,False
Daredevil,Caribou,4.0,5.0,-3.0,1.0,understable,putt and approach,False
Reptilian Disc Golf,Carnivore,12.0,5.0,-1.0,3.0,overstable,distance driver,False
Hooligan Discs,Cash,3.0,3.0,0.0,2.0,overstable,putt and approach,False
Doomsday Discs,Cataclysm,11.0,5.0,-1.0,2.0,neutral,distance driver,False
MVP,Catalyst,13.0,5.5,-2.0,2.0,neutral,distance driver,False
Westside,Catapult,14.0,4.0,-0.5,3.0,overstable,distance driver,False
Latitude 64,Catch,,,,,unknown,unknown,False
Dynamic Discs,Cavalry,,,,,unknown,unknown,False
Discmania,CD,10.0,5.0,-1.0,2.0,neutral,fairway driver,True
Discmania,CD1,9.0,5.0,-1.0,2.0,neutral,fairway driver,False
Discmania,CD2,9.0,5.0,-1.0,2.0,neutral,fairway driver,True
Discmania,CD3,11.0,5.0,-1.0,2.0,neutral,distance driver,True
Above Ground Level,Cedar,11.0,5.0,0.0,3.0,overstable,distance driver,False
Infinite Discs,Centurion,7.0,5.0,-1.0,1.5,neutral,fairway driver,False
Terminal Velocity Discs,Cervini,10.0,6.0,-3.0,1.0,understable,fairway driver,False
XCom,Cetus,,,,,unknown,unknown,False
DiscPro,Chain Smoker,,,,,unknown,unknown,False
Goliath Discs,Chainbreaker,9.0,3.0,0.0,4.0,overstable,fairway driver,False
Black Zombie Disc Golf,Chainsaw,3.0,5.0,0.0,1.0,neutral,putt and approach,False
Skyquest,Chainzilla,2.0,3.0,-1.0,1.0,neutral,putt and approach,False
Discraft,Challenger,2.0,3.0,0.0,2.0,overstable,putt and approach,False
Discraft,Challenger OS,2.0,3.0,0.0,3.0,overstable,putt and approach,False
Discraft,Challenger SS,2.0,3.0,-1.0,2.0,neutral,putt and approach,False
Reptilian Disc Golf,Chameleon,8.5,5.0,-1.0,2.0,neutral,fairway driver,False
Climo Disc Golf,Champ,2.0,3.0,0.0,0.0,neutral,putt and approach,False
Gorilla Disc Golf,Chango,5.0,5.0,-2.0,1.0,neutral,mid_range,False
Tobu Discs,Charge,9.0,4.0,-1.0,2.0,neutral,fairway driver,True
Innova,Charger,13.0,5.0,-1.0,2.0,neutral,distance driver,False
Infinite Discs,Chariot,5.0,5.0,0.0,1.0,neutral,mid_range,False
Gateway,Charm,3.0,3.0,0.0,0.0,neutral,putt and approach,False
Meridian Discs,Chasm,11.0,5.0,-1.0,3.0,overstable,distance driver,False
Innova,Cheetah,6.0,4.0,-2.0,2.0,neutral,mid_range,False
Doomsday Discs,Chemtrail,7.0,6.0,-2.0,1.0,neutral,fairway driver,False
Clash Discs,Cherry,5.0,5.0,-2.0,1.0,neutral,mid_range,False
Goeringer Discs,Cherry Blossom,,,,,unknown,unknown,False
Finish Line Discs,Chicane,4.0,3.0,0.0,3.0,overstable,putt and approach,False
Grassland Discs,Chickadee,2.0,3.0,0.0,3.0,overstable,putt and approach,False
Gateway,Chief,3.0,3.0,0.0,1.0,neutral,putt and approach,False
Gateway,Chief OS,3.0,3.0,0.0,2.0,overstable,putt and approach,False
Deity Discs,Chimera,,,,,unknown,unknown,True
Windward Discs,Chinook,2.0,3.0,0.0,1.0,neutral,putt and approach,True
FotCot Discs,ChooChooBob,5.0,4.0,0.0,2.0,overstable,mid_range,False
Element Discs,Chromium,9.0,5.0,-1.0,1.0,neutral,fairway driver,True
Lone Star Disc,Chuck,5.0,5.0,-2.0,1.0,neutral,mid_range,False
Lone Star Disc,Chupacabra,9.0,3.0,0.0,4.0,overstable,fairway driver,False
Discraft,Cicada,7.0,6.0,-1.0,1.0,neutral,fairway driver,False
Discraft,Cigarra,7.0,6.0,-1.0,2.0,neutral,fairway driver,False
Obsidian Discs,Cinder,7.0,5.0,0.0,2.0,overstable,fairway driver,False
Clash Discs,Cinnamon,9.0,5.0,-1.5,2.0,neutral,fairway driver,False
Launch Disc Golf,Cipher,8.0,4.0,-1.0,2.0,neutral,fairway driver,False
Compound Discs,Citadel,4.0,4.0,0.0,1.0,neutral,putt and approach,False
Axiom,Clash,6.5,4.0,-1.0,2.0,neutral,fairway driver,True
Innova,Classic Ace,2.0,3.0,-2.0,1.0,neutral,putt and approach,True
Innova,Classic Aviar,2.0,3.0,0.0,0.0,neutral,putt and approach,False
Innova,Classic Roc,3.0,3.0,0.0,2.0,overstable,putt and approach,False
Yikun,Claws,1.0,3.0,0.0,0.5,neutral,putt and approach,False
Latitude 64,Claymore,5.0,5.0,-1.0,1.0,neutral,mid_range,False
Climo Disc Golf,Cliff,2.0,3.0,-1.0,0.0,neutral,putt and approach,False
ProjBlk,Cloak,2.0,3.0,0.0,2.0,overstable,putt and approach,False
STM Disc Golf,Cloud Ripper,3.0,4.0,0.0,1.0,neutral,putt and approach,False
Discmania,Cloudbreaker,12.0,5.0,-1.0,3.0,overstable,distance driver,False
Legacy Discs,Clozer,2.0,3.0,0.0,2.0,overstable,putt and approach,False
Legacy Discs,Clutch,2.0,3.0,0.0,1.0,neutral,putt and approach,False
ProtoFlyte,CNC,,,,,unknown,unknown,False
ProtoFlyte,CNC+,,,,,unknown,unknown,False
ProtoFlyte,CNC-,,,,,unknown,unknown,False
ProtoFlyte,CNCi,,,,,unknown,unknown,False
Thought Space Athletics,Coalesce,9.0,5.0,0.0,3.0,overstable,fairway driver,False
Climo Disc Golf,Coast,6.0,6.0,-1.0,1.0,neutral,mid_range,False
Swiftflyte,Coastline,5.5,5.0,-1.0,2.0,neutral,mid_range,False
Innova,Cobra,4.0,5.0,-2.0,2.0,neutral,putt and approach,False
Launch Disc Golf,Code,5.5,4.0,-0.5,2.0,overstable,mid_range,False
Launch Disc Golf,Code-X,5.5,5.0,-1.0,2.0,neutral,mid_range,False
Infinite Discs,Cohort,3.5,4.0,0.0,1.0,neutral,putt and approach,False
Innova,Colossus,14.0,5.0,-1.0,3.0,overstable,distance driver,False
Innova,Colt,3.0,4.0,-1.0,1.0,neutral,putt and approach,False
Discraft,Comet,4.0,5.0,-2.0,1.0,neutral,putt and approach,False
Innova,Commander,5.0,3.0,0.0,4.0,overstable,mid_range,True
H13 Disc Golf,Companion,4.0,4.0,0.0,1.0,neutral,putt and approach,False
Crosslap,Company,13.0,4.0,0.0,3.0,overstable,distance driver,False
Latitude 64,Compass,5.0,5.0,0.0,1.0,neutral,mid_range,False
Innova,Condor,3.0,4.0,0.0,2.0,overstable,putt and approach,False
Essential Discs,Conflict,2.0,3.0,0.0,2.0,overstable,putt and approach,False
Infinite Discs,Conqueror,12.0,4.0,0.0,4.0,overstable,distance driver,False
Guru Disc Golf,Conquest,5.0,4.0,-2.0,1.0,neutral,mid_range,False
Pie Pan Discs,Conspiracy,5.0,5.0,-2.0,0.0,understable,mid_range,False
Thought Space Athletics,Construct,10.0,6.0,-1.0,2.0,neutral,fairway driver,False
Dynamic Discs,Contender,9.0,6.0,-1.0,1.0,neutral,fairway driver,False
Guru Disc Golf,Contrail,6.0,5.0,0.0,2.0,overstable,mid_range,False
MVP,Control,,,,,unknown,unknown,False
Dynamic Discs,Convict,9.0,4.0,-0.5,3.0,overstable,fairway driver,False
Clash Discs,Cookie,7.0,5.0,0.0,2.0,overstable,fairway driver,False
Lone Star Disc,Copperhead,3.0,4.0,0.0,2.0,overstable,putt and approach,False
Latitude 64,Core,6.0,5.0,-0.5,1.0,neutral,mid_range,False
Innova,Corvette,14.0,6.0,-1.0,2.0,neutral,distance driver,False
Alfa Discs,Cosmic,8.0,6.0,0.0,2.0,overstable,fairway driver,False
Viking Discs,Cosmos,7.0,5.0,0.0,1.0,neutral,fairway driver,False
Innova,Coupe,2.0,3.0,-1.0,1.0,neutral,putt and approach,True
Goto Disc Golf,Cowbell,5.0,6.0,-1.0,1.0,neutral,mid_range,False
Innova,Coyote,4.0,5.0,0.0,1.0,neutral,putt and approach,True
Vibram,Crag,4.0,3.0,0.0,3.5,overstable,putt and approach,True
Discraft,Crank,13.0,5.0,-2.0,2.0,neutral,distance driver,False
Discraft,Crank SS,13.0,5.0,-3.0,2.0,neutral,distance driver,False
Storm Disc Golf,Crater,3.0,2.0,0.0,3.0,overstable,putt and approach,False
Axiom,Crave,6.5,5.0,-1.0,1.0,neutral,fairway driver,False
Jester Disc Golf,Crazy Hawk,9.0,4.0,0.0,3.5,overstable,fairway driver,False
Remix Disc Golf,Creature,5.0,5.0,-3.0,1.0,understable,mid_range,False
Crosslap,Credo,3.0,2.0,0.0,3.0,overstable,putt and approach,False
Ballisdisc,Creedmoor OS,9.0,3.0,0.0,7.0,overstable,fairway driver,False
Albatross Disc Golf,Crested Peak,9.0,6.0,-2.0,0.0,understable,fairway driver,False
Hummingbird Flight Tech,Cricket,,,,,unknown,unknown,False
Dynamic Discs,Criminal,10.0,3.0,1.0,4.0,overstable,fairway driver,True
Doomsday Discs,Crisis,4.0,3.0,0.0,3.5,overstable,putt and approach,False
Innova,Cro,5.0,3.0,0.0,2.0,overstable,mid_range,False
Innova,Croc,5.5,2.0,0.0,5.0,overstable,mid_range,False
Lone Star Disc,Crockett,13.0,5.0,-1.0,3.0,overstable,distance driver,False
Black Zombie Disc Golf,Crossbow,5.0,5.0,-1.0,0.0,neutral,mid_range,False
Yikun,Crossbow Nu,4.0,1.5,0.5,4.0,overstable,putt and approach,False
Quest Applied Technologies,Crossfire,,,,,unknown,unknown,True
Discwing,Crosshair,,,,,unknown,unknown,True
Westside,Crown,3.0,4.0,0.0,1.0,neutral,putt and approach,False
Full Turn,Cruise,13.0,4.0,-2.0,3.0,neutral,distance driver,False
Discraft,Cruiser,,,,,unknown,unknown,True
Discraft,Cruiser-Windstar,,,,,unknown,unknown,True
Full Turn,Crusade,13.0,5.0,0.0,4.0,overstable,distance driver,False
Discraft,Crush,11.0,5.0,0.0,4.0,overstable,distance driver,True
Thought Space Athletics,Crux,5.0,4.0,0.0,2.0,overstable,mid_range,False
Jester Disc Golf,Cryptid,,,,,unknown,unknown,False
Dynamic Discs,Culprit,4.0,3.0,0.0,3.5,overstable,putt and approach,False
Latitude 64,Culverin,9.0,5.0,-0.5,3.0,overstable,fairway driver,True
Guru Disc Golf,Cumulus,2.0,3.0,-1.0,1.0,neutral,putt and approach,False
Lone Star Disc,Curl,11.0,6.0,-1.0,3.0,overstable,distance driver,False
Meridian Discs,Current,7.0,5.0,-1.0,1.0,neutral,fairway driver,False
Latitude 64,Cutlass,13.0,5.0,0.0,3.5,overstable,distance driver,True
Doomsday Discs,Cyber Putter,3.0,3.0,0.0,1.0,neutral,putt and approach,False
Gateway,Cyborg,7.0,6.0,-3.0,1.0,understable,fairway driver,True
Discraft,Cyclone,7.0,4.0,-1.0,2.0,neutral,fairway driver,True
MVP,Cypher,,,,,unknown,unknown,False
Above Ground Level,Cypress,12.0,5.0,-2.0,2.0,neutral,distance driver,True
Infinite Discs,Czar,11.0,5.0,-1.0,3.0,overstable,distance driver,False
Prodigy,D Model OS,13.0,5.0,0.0,4.0,overstable,distance driver,False
Prodigy,D Model S,13.0,6.0,0.0,2.0,overstable,distance driver,False
Prodigy,D Model US,13.0,6.0,-3.0,1.0,understable,distance driver,False
Prodigy,D1,12.0,5.0,0.0,4.0,overstable,distance driver,False
Prodigy,D1 Max,13.0,5.0,-1.0,3.0,overstable,distance driver,True
Prodigy,D2,12.0,5.0,0.0,3.0,overstable,distance driver,False
Prodigy,D2 Max,13.0,5.0,-1.0,2.0,neutral,distance driver,True
Prodigy,D2 Pro,12.0,5.0,-1.0,3.0,overstable,distance driver,True
Prodigy,D3,12.0,5.0,-1.0,3.0,overstable,distance driver,False
Prodigy,D3 Max,13.0,5.0,-2.0,2.0,neutral,distance driver,True
Prodigy,D4,12.0,5.0,-2.0,2.0,neutral,distance driver,False
Prodigy,D4 Max,13.0,5.0,-3.0,2.0,neutral,distance driver,True
Prodigy,D5,12.0,6.0,-4.0,2.0,understable,distance driver,True
Prodigy,D6,12.0,6.0,-4.0,1.0,understable,distance driver,False
Prodigy,D6 Max,,,,,unknown,unknown,True
Yikun,DaE,13.0,5.0,0.0,3.0,overstable,distance driver,False
Innova,Daedalus,13.0,6.0,-3.0,2.0,neutral,distance driver,False
Latitude 64,Dagger,2.0,5.0,0.0,1.0,neutral,putt and approach,False
Discape Disc Golf,DarkMight,4.0,4.0,0.0,2.0,overstable,putt and approach,False
Innova,Dart,3.0,4.0,0.0,0.0,neutral,putt and approach,False
Qingdao Hippo Sport Products,Dawn Chaser,5.0,5.0,0.0,2.0,overstable,mid_range,False
Lightspeed Disc Golf,Daybreaker,5.0,2.0,0.0,4.0,overstable,mid_range,False
Finish Line Discs,Daytona,12.0,4.0,0.0,3.0,overstable,distance driver,False
Discmania,DD,11.0,6.0,-3.0,2.0,neutral,distance driver,False
Discmania,DD1,11.0,5.0,-1.0,2.0,neutral,distance driver,False
Discmania,DD2,13.0,5.0,-2.0,2.0,neutral,distance driver,False
Discmania,DD3,12.0,5.0,-1.0,3.0,overstable,distance driver,False
Discmania,DD4,13.0,5.0,-1.0,3.0,overstable,distance driver,False
Discmania,DDx,12.0,6.0,-1.0,2.0,neutral,distance driver,True
National Perk Service,Death,3.0,4.0,0.0,1.0,neutral,putt and approach,False
Dynamic Discs,Defender,13.0,5.0,0.0,3.0,overstable,distance driver,False
MVP,Deflector,5.0,3.5,0.0,4.0,overstable,mid_range,False
Axiom,Defy,11.0,5.0,-1.0,3.0,overstable,distance driver,False
Axiom,Delirium,14.5,5.0,-0.5,3.0,overstable,distance driver,False
Eurodisc,Delivery,2.0,3.0,0.0,0.0,neutral,putt and approach,False
Eurodisc,Delivery Organic,2.0,3.0,0.0,0.0,neutral,putt and approach,False
Gateway,Demon,6.0,4.0,0.0,4.0,overstable,mid_range,False
Doomsday Discs,Depth Charge,2.0,2.0,0.0,1.0,neutral,putt and approach,False
Dynamic Discs,Deputy,3.0,4.0,-1.5,0.0,understable,putt and approach,False
Orbital Discs,Deranged Squirrel,13.0,5.0,-3.0,1.0,understable,distance driver,True
Doomsday Discs,Desolation,5.0,5.0,0.0,2.0,overstable,mid_range,False
Doomsday Discs,Despair,5.0,4.0,-1.0,1.0,neutral,mid_range,False
Lone Star Disc,Desperado,9.0,5.0,-2.0,1.0,neutral,fairway driver,False
Westside,Destiny,14.0,6.0,-2.0,3.0,neutral,distance driver,False
Innova,Destroyer,12.0,5.0,-1.0,3.0,overstable,distance driver,False
Remix Disc Golf,Detonator,3.0,3.0,0.0,1.5,overstable,putt and approach,False
MVP,Detour,5.0,5.0,-2.0,1.0,neutral,mid_range,False
Discraft,Deuce,,,,,unknown,unknown,True
Gateway,Devil Hawk,3.0,3.0,0.0,4.0,overstable,putt and approach,False
Wulfram,Devour,,,,,unknown,unknown,False
Gateway,Diablo,9.0,5.0,-0.5,2.0,overstable,fairway driver,False
Latitude 64,Diamond,8.0,6.0,-3.0,1.0,understable,fairway driver,False
Mint Discs,Diamondback,9.0,5.0,-2.0,2.0,neutral,fairway driver,False
Fly High Discs,Diesel,11.0,5.0,0.0,3.0,overstable,distance driver,True
Hooligan Discs,Dime,2.0,4.0,0.0,1.0,neutral,putt and approach,False
MVP,Dimension,14.5,5.0,0.0,3.0,overstable,distance driver,False
Fourth Circle Discs,Dingo,5.0,5.0,0.0,3.0,overstable,mid_range,True
Dino Discs,Diplodocus,8.0,5.0,-2.0,1.0,neutral,fairway driver,False
Discount Disc Golf,Dirty Dog,,,,,unknown,unknown,False
Discmania,Discmania Fairway Driver,9.0,6.0,-2.0,2.0,neutral,fairway driver,False
Discmania,Discmania Midrange,5.0,5.0,-1.0,0.0,neutral,mid_range,False
Discmania,Discmania Putter,3.0,3.0,-1.0,0.0,neutral,putt and approach,False
Discraft,Discraft Torque,,,,,unknown,unknown,True
Discraft,Discraft Vortex,,,,,unknown,unknown,True
Discraft,Discraft X2,,,,,unknown,unknown,True
Momentum Discs,Dispatch,10.0,6.0,-0.5,2.0,overstable,fairway driver,False
Prodigy,Distortion,4.0,3.0,0.0,3.0,overstable,putt and approach,False
Wingman,Dlask,3.0,3.0,0.0,1.0,neutral,putt and approach,False
Disc Monkey,DMD1,7.0,5.0,-2.0,1.0,neutral,fairway driver,False
Disc Monkey,DMM1,5.0,5.0,0.0,2.0,overstable,mid_range,False
Disc Monkey,DMP1,2.0,3.0,0.0,1.0,neutral,putt and approach,False
Gateway,Doggy Style,,,,,unknown,unknown,False
Above Ground Level,Dogwood,1.0,4.0,0.0,2.0,overstable,putt and approach,False
Innova,Dolphin,,,,,unknown,unknown,True
Dolphin Papa,DolphinPapaDisc,,,,,unknown,unknown,False
Innova,Dominator,13.0,5.0,-1.0,2.0,neutral,distance driver,False
Lone Star Disc,Dos X,8.0,4.0,-1.0,2.0,neutral,fairway driver,False
Flight Lab,Dot,3.0,4.0,0.0,0.0,neutral,putt and approach,False
Quest Applied Technologies,Double D,,,,,unknown,unknown,True
Above Ground Level,Douglas Fir,4.0,3.0,-2.0,1.0,neutral,putt and approach,False
XCom,Dra,12.0,5.0,-1.0,2.0,neutral,distance driver,False
Millennium,Draco,9.0,3.0,0.0,4.0,overstable,fairway driver,False
Discape Disc Golf,Draconyx,9.0,5.0,-2.0,1.0,neutral,fairway driver,False
Innova,Dragon,8.0,5.0,-2.0,2.0,neutral,fairway driver,False
AquaFlight Discs,Dragonfly,5.0,4.0,-3.0,1.0,understable,mid_range,True
Doomsday Discs,Dread,,,,,unknown,unknown,False
Wing It Disc Golf,Dream,13.0,5.0,-4.0,1.0,understable,distance driver,False
Jester Disc Golf,Dream Weaver,7.0,5.0,-1.0,1.5,neutral,fairway driver,False
Streamline,Drift,7.0,5.0,-2.0,1.0,neutral,fairway driver,False
Full Turn,Drifter,9.0,4.0,-1.0,2.0,neutral,fairway driver,False
Discraft,Drive,11.0,5.0,-1.0,2.0,neutral,distance driver,False
Discraft,Drone,5.0,3.0,1.0,4.0,overstable,mid_range,False
Discmania,Drop,4.0,3.0,0.0,3.0,overstable,putt and approach,False
Trash Panda,Dune,5.0,5.0,-1.0,0.0,neutral,mid_range,False
GT Discs,Dynamo,13.0,5.0,-2.0,2.0,neutral,distance driver,False
Infinite Discs,Dynasty,9.0,5.0,-1.0,2.0,neutral,fairway driver,False
Doomsday Discs,Dystopia,10.0,5.0,-2.0,2.0,neutral,fairway driver,False
Innova,Eagle,7.0,4.0,-1.0,3.0,overstable,fairway driver,False
X-UFO,Eagle Wings,2.0,3.0,0.0,1.0,neutral,putt and approach,False
Streamline,Echo,5.0,5.0,-1.5,1.0,neutral,mid_range,False
Discraft,Eclipse,7.0,5.0,-2.0,2.0,neutral,fairway driver,True
Bernoulli,Einstein,5.0,4.0,-1.0,1.0,neutral,mid_range,False
Launch Disc Golf,Elder,12.0,6.0,-2.0,2.0,neutral,distance driver,False
Remix Disc Golf,Eldritch,3.0,3.0,0.0,1.0,neutral,putt and approach,False
Gateway,Element,5.0,5.0,-1.0,1.0,neutral,mid_range,False
Gateway,Element X,,,,,unknown,unknown,False
Above Ground Level,Elm,9.0,4.0,0.0,3.0,overstable,fairway driver,False
Dynamic Discs,EMac Judge,2.0,4.0,0.0,1.0,neutral,putt and approach,False
Dynamic Discs,EMac Truth,5.0,5.0,0.0,2.0,overstable,mid_range,False
H13 Disc Golf,Embark,3.0,4.0,0.0,1.0,neutral,putt and approach,False
Lightspeed Disc Golf,Ember,3.0,4.0,0.0,2.0,overstable,putt and approach,False
Infinite Discs,Emperor,12.0,5.0,-1.0,2.5,overstable,distance driver,False
Prodiscus,Empire,13.0,5.0,0.0,4.0,overstable,distance driver,False
Legacy Discs,Enemy,9.0,3.0,0.0,4.0,overstable,fairway driver,False
MVP,Energy,13.0,4.0,0.0,4.0,overstable,distance driver,False
Dynamic Discs,Enforcer,12.0,4.0,0.5,4.0,overstable,distance driver,False
Streamline,Engine,13.0,5.0,-0.5,2.0,overstable,distance driver,False
Discmania,Enigma,12.0,5.0,-1.0,2.0,neutral,distance driver,True
Goliath Discs,Enoch,8.0,5.0,0.0,1.5,overstable,fairway driver,False
Lone Star Disc,Enterprise,12.0,6.0,-2.0,2.0,neutral,distance driver,False
MVP,Entropy,4.0,3.0,0.0,3.0,overstable,putt and approach,False
Axiom,Envy,3.0,3.0,0.0,2.0,overstable,putt and approach,False
Aerobie,Epic,,,,,unknown,unknown,True
Finish Line Discs,Era,10.0,5.0,-1.0,2.0,neutral,fairway driver,False
ColorYourGame,Eraser,3.0,3.0,0.0,1.0,neutral,putt and approach,False
Millennium,ES1,11.0,5.0,-2.0,2.0,neutral,distance driver,False
Millennium,ES2,10.0,6.0,-1.0,2.0,neutral,fairway driver,False
Dynamic Discs,Escape,9.0,5.0,-1.0,2.0,neutral,fairway driver,False
Discmania,Essence,8.0,6.0,-2.0,1.0,neutral,fairway driver,False
Negative Disc Golf,Eternity,,,,,unknown,unknown,False
Gateway,Ether,12.0,6.0,-1.0,2.0,neutral,distance driver,False
Orbital Discs,Euphoria,7.0,6.0,-2.0,1.0,neutral,fairway driver,True
Dynamic Discs,Evader,7.0,4.0,0.0,2.5,overstable,fairway driver,False
Andromeda M31 Discs,Event Horizon,9.0,4.0,0.0,1.0,neutral,fairway driver,False
Dynamic Discs,Evidence,5.0,5.0,-1.0,0.0,neutral,mid_range,False
OZDG,EVO,2.0,3.0,0.0,1.0,neutral,putt and approach,False
Axiom,Excite,14.5,5.5,-2.0,2.0,neutral,distance driver,False
Infinite Discs,Exodus,7.0,5.0,-0.5,2.0,overstable,fairway driver,False
Millennium,EXP-X,7.0,3.0,1.0,4.0,overstable,fairway driver,False
Millennium,EXP1,7.0,3.0,0.0,4.0,overstable,fairway driver,True
Thought Space Athletics,Expanse,11.0,5.0,-2.0,2.0,neutral,distance driver,False
Full Turn,Expedition,11.0,5.0,-2.0,1.0,neutral,distance driver,False
Latitude 64,Explorer,7.0,5.0,0.0,2.0,overstable,fairway driver,False
Trash Panda,Extraterrestrial I,,,,,unknown,unknown,False
Trash Panda,Extraterrestrial II,,,,,unknown,unknown,False
PrintPractical,Extruder,,,,,unknown,unknown,False
Storm Disc Golf,Eye,5.0,5.0,-1.0,1.0,neutral,mid_range,False
Prodigy,F Model OS,10.0,5.0,2.0,4.0,overstable,fairway driver,False
Prodigy,F Model S,10.0,5.0,1.0,3.0,overstable,fairway driver,False
Prodigy,F Model US,10.0,5.0,-2.0,1.0,neutral,fairway driver,False
Prodigy,F1,8.0,4.0,-1.0,3.0,overstable,fairway driver,False
Prodigy,F2,8.0,4.0,-1.0,2.0,neutral,fairway driver,False
Prodigy,F3,8.0,5.0,-2.0,2.0,neutral,fairway driver,False
Prodigy,F5,8.0,6.0,-2.0,1.0,neutral,fairway driver,False
Prodigy,F7,8.0,6.0,-3.0,1.0,understable,fairway driver,False
Prodigy,F9,8.0,6.0,-4.0,0.5,understable,fairway driver,False
Innova,Fairway Disc Dark Rebel,7.0,6.0,-1.0,1.0,neutral,fairway driver,False
Latitude 64,Faith,2.0,3.0,0.0,1.0,neutral,putt and approach,False
Latitude 64,Falchion,8.0,5.0,-1.0,2.0,neutral,fairway driver,True
Millennium,Falcon,13.0,5.0,-2.0,2.0,neutral,distance driver,False
Prodigy,Falcor,13.0,6.0,-1.0,2.5,overstable,distance driver,False
Kastaplast,Falk,9.0,6.0,-2.0,1.0,neutral,fairway driver,False
Franklin Sports,Falkor,,,,,unknown,unknown,False
Doomsday Discs,Famine,12.0,5.0,-2.0,1.0,neutral,distance driver,False
Prodiscus,Fasti,13.0,4.0,-2.0,3.0,neutral,distance driver,False
Discmania,FD,7.0,6.0,0.0,1.0,neutral,fairway driver,False
Discmania,FD1,7.0,4.0,0.0,2.0,overstable,fairway driver,False
Discmania,FD2,7.0,4.0,0.0,2.0,overstable,fairway driver,True
Discmania,FD3,9.0,4.0,0.0,3.0,overstable,fairway driver,False
Prodigy,Feedback,9.0,5.0,-1.0,3.0,overstable,fairway driver,False
Dynamic Discs,Felon,9.0,3.0,0.5,4.0,overstable,fairway driver,False
Viking Discs,Fenrir,10.0,4.0,0.0,3.0,overstable,fairway driver,False
Guru Disc Golf,Fenris,13.0,5.0,-1.0,2.0,neutral,distance driver,False
Discraft,Fierce,3.0,4.0,-2.0,0.0,understable,putt and approach,False
Legacy Discs,Fighter,10.0,3.0,0.0,4.0,overstable,fairway driver,False
Stokely Discs,Finch,,,,,unknown,unknown,False
Latitude 64,Fire,5.0,3.0,0.0,3.0,overstable,mid_range,False
Axiom,Fireball,9.0,3.5,0.0,3.5,overstable,fairway driver,False
Innova,Firebird,9.0,3.0,0.0,4.0,overstable,fairway driver,False
Innova,Firefly,2.0,3.0,0.0,1.0,neutral,putt and approach,False
Fourth Circle Discs,Firehawk,8.0,5.0,-2.0,1.0,neutral,fairway driver,True
Innova,Firestorm,14.0,4.0,-1.0,3.0,overstable,distance driver,False
Alfa Discs,Fjord,4.0,4.0,0.0,3.0,overstable,putt and approach,False
Innova,FL,9.0,3.0,0.0,2.0,overstable,fairway driver,True
Skyiron,Flagship,11.0,4.0,-3.0,2.0,neutral,distance driver,True
RIPR,Flame Skimmer,5.0,4.0,0.0,3.0,overstable,mid_range,False
Black Zombie Disc Golf,Flame Thrower,11.5,6.0,-2.0,2.0,neutral,distance driver,False
Streamline,Flare,9.0,4.0,0.0,3.5,overstable,fairway driver,False
Discraft,Flash,10.0,5.0,-2.0,3.0,neutral,fairway driver,True
Doomsday Discs,Flat Earth,5.0,5.0,-1.0,0.0,neutral,mid_range,False
Salient,Flatline,6.0,5.0,-0.5,1.0,neutral,mid_range,True
Discraft,Flick,12.0,3.0,1.0,5.0,overstable,distance driver,False
Hooligan Discs,Flip,5.0,6.0,-4.0,1.0,understable,mid_range,True
Prodiscus,Flipperi,9.0,3.0,-3.0,0.0,understable,fairway driver,False
DestinyDynamic Disc,Floater,,,,,unknown,unknown,True
Latitude 64,Flow,11.0,6.0,-0.5,2.0,overstable,distance driver,False
Guru Disc Golf,Flow Motion,2.0,3.0,0.0,2.0,overstable,putt and approach,False
Discwing,Fluent,,,,,unknown,unknown,True
Fourth Circle Discs,Fly,5.0,5.0,0.0,0.0,neutral,mid_range,True
ABC Discs,Flying Squirrel,5.0,5.0,-3.0,2.0,neutral,mid_range,True
Guru Disc Golf,Fnugg,2.0,4.0,0.0,1.0,neutral,putt and approach,False
Discraft,Focus,2.0,2.0,-1.0,2.0,neutral,putt and approach,False
Discraft,Force,12.0,5.0,0.0,3.0,overstable,distance driver,False
Westside,Fortress,10.0,4.0,0.0,3.0,overstable,fairway driver,False
Discraft,Fossil,3.0,1.0,0.0,3.0,overstable,putt and approach,False
Discmania,Founder,5.0,6.0,-4.0,1.0,understable,mid_range,False
Vibram,Four20,,,,,unknown,unknown,True
Innova,Fox,5.0,6.0,-2.0,1.0,neutral,mid_range,False
Innova,Foxbat,5.0,6.0,-1.0,0.0,neutral,mid_range,True
Doomsday Discs,Frag,5.0,2.0,0.0,5.0,overstable,mid_range,False
Obsidian Discs,Fragment,3.0,4.0,0.0,1.0,neutral,putt and approach,False
Dynamic Discs,Freedom,14.0,5.0,-3.0,3.0,neutral,distance driver,True
Mint Discs,Freetail,10.0,5.0,-4.0,1.0,understable,fairway driver,False
Yikun,Freyja,3.0,3.0,0.0,1.0,neutral,putt and approach,False
Albatross Disc Golf,Frigate,,,,,unknown,unknown,False
Lone Star Disc,Frio,7.0,5.0,-1.0,1.0,neutral,fairway driver,False
AstroDisc,Frog,9.0,5.0,0.0,2.0,overstable,fairway driver,False
Launch Disc Golf,Frontier,7.0,5.0,-3.0,1.0,understable,fairway driver,False
Guru Disc Golf,Frost,4.0,3.0,0.0,2.0,overstable,putt and approach,False
Yikun,Fu,7.0,5.0,0.0,2.0,overstable,fairway driver,False
Yikun,Fu Sang,2.0,3.0,0.0,3.0,overstable,putt and approach,False
Yikun,Fu Xi,12.0,6.0,-1.0,2.0,neutral,distance driver,False
Clash Discs,Fudge,2.0,3.0,0.0,2.0,overstable,putt and approach,False
Shaman Disc Golf,Fuego,3.0,4.0,0.0,1.0,neutral,putt and approach,False
Dynamic Discs,Fugitive,5.0,5.0,-0.5,1.5,neutral,mid_range,True
Latitude 64,Fuji,4.0,4.0,0.0,2.0,overstable,putt and approach,True
Discmania,Function,8.0,6.5,-4.0,1.0,understable,fairway driver,False
Latitude 64,Fury,9.0,6.0,-2.0,2.0,neutral,fairway driver,False
Latitude 64,Fuse,5.0,6.0,-1.0,0.0,neutral,mid_range,False
Prodigy,FX-2,9.0,4.0,0.0,3.0,overstable,fairway driver,False
Prodigy,FX-3,9.0,5.0,-1.0,2.0,neutral,fairway driver,False
Prodigy,FX-4,9.0,5.0,-2.0,2.0,neutral,fairway driver,False
Gateway,G-One,12.0,6.0,-1.0,1.0,neutral,distance driver,False
ODDGRIP,G1,2.0,3.0,-1.0,0.0,neutral,putt and approach,False
Sector,G1R1,,,,,unknown,unknown,False
Sector,G7R10,,,,,unknown,unknown,False
Kastaplast,Gadd,5.0,5.0,0.0,2.0,overstable,mid_range,False
Momentum Discs,Gain,2.0,5.0,-3.0,1.0,understable,putt and approach,False
All 4 Frisbee,Galaxy,,,,,unknown,unknown,False
Alfa Discs,Galileo,,,,,unknown,unknown,False
Infinite Discs,Galleon,6.0,3.0,0.0,5.0,overstable,mid_range,False
Albatross Disc Golf,Galley,,,,,unknown,unknown,False
ABC Discs,Gamma Ray,9.0,4.0,-2.0,2.0,neutral,fairway driver,True
Innova,Gargoyle,6.0,3.0,-1.0,2.0,neutral,mid_range,True
Westside,Gatekeeper,4.0,5.0,0.0,2.0,overstable,putt and approach,False
Innova,Gator,5.0,2.0,0.0,4.0,overstable,mid_range,False
Innova,Gator3,5.0,2.0,0.0,3.0,overstable,mid_range,False
Legacy Discs,Gauge,5.0,5.0,0.0,1.0,neutral,mid_range,False
Latitude 64,Gauntlet,2.0,4.0,0.0,1.0,neutral,putt and approach,True
Dynamic Discs,Gavel,3.0,5.0,-2.0,0.5,understable,putt and approach,True
Innova,Gazelle,6.0,4.0,0.0,2.0,overstable,mid_range,True
Disgo,GD1,11.0,5.0,-1.0,2.0,neutral,distance driver,False
Elevation Disc Golf,Gecko,9.0,4.0,0.0,3.5,overstable,fairway driver,False
Tomahawk Specialty Discs,Gello Shot Chip & Putt,,,,,unknown,unknown,False
XCom,Gem,5.0,5.0,0.0,0.0,neutral,mid_range,False
Dynamic Discs,General,12.0,4.0,0.0,4.0,overstable,distance driver,False
Goliath Discs,Genesis,3.0,4.0,0.0,1.0,neutral,putt and approach,False
Discmania,Genius,7.0,5.0,-4.0,1.0,understable,fairway driver,True
Dynamic Discs,Getaway,9.0,5.0,-0.5,3.0,overstable,fairway driver,False
Disgo,GF1,7.0,7.0,-1.0,1.0,neutral,fairway driver,False
Legacy Discs,Ghost,4.0,5.0,0.0,3.0,overstable,putt and approach,False
Gateway,Ghoul,3.0,3.0,0.0,3.0,overstable,putt and approach,False
Westside,Giant,13.0,4.0,0.0,3.5,overstable,distance driver,False
Westside,Giant Reborn,,,,,unknown,unknown,False
Reptilian Disc Golf,Gila,5.0,4.0,0.0,3.0,overstable,mid_range,False
Clash Discs,Ginger,9.0,4.0,0.0,2.0,overstable,fairway driver,False
Discmania,Glacier,5.0,5.0,0.0,2.0,overstable,mid_range,False
Discape Disc Golf,Glacioris,2.0,3.0,0.0,2.0,overstable,putt and approach,False
Latitude 64,Gladiator,13.0,5.0,0.0,3.5,overstable,distance driver,True
Remix Disc Golf,Gladius,5.0,5.0,-0.5,1.0,neutral,mid_range,False
Discraft,Glide,6.0,5.0,-3.0,1.0,understable,mid_range,False
MVP,Glitch,1.0,7.0,0.0,0.0,neutral,putt and approach,False
Doomsday Discs,Gloom,2.0,3.0,-1.0,1.0,neutral,putt and approach,False
Latitude 64,Glory,7.0,5.0,0.0,3.0,overstable,fairway driver,False
FotCot Discs,GlowBob,5.0,4.0,-2.5,0.0,understable,mid_range,False
Infinite Discs,Glyph,1.0,5.0,0.0,1.0,neutral,putt and approach,False
Disgo,GM1,5.0,4.0,0.0,3.0,overstable,mid_range,False
Sacred Discs,Gnome,2.0,2.0,0.0,1.0,neutral,putt and approach,False
Mint Discs,Goat,12.0,4.0,-1.0,3.0,overstable,distance driver,False
Latitude 64,Gobi,6.0,5.0,-0.5,1.0,neutral,mid_range,True
Innova,Goblin,3.0,4.0,0.0,1.0,neutral,putt and approach,True
HIAARO,Golden Gate Bridge,9.0,5.0,-1.0,2.0,neutral,fairway driver,False
Divergent Discs,Golem,4.0,2.0,0.0,4.0,overstable,putt and approach,False
True Par Disc Golf,Golgotha,5.0,4.0,-1.0,2.0,neutral,mid_range,False
Remix Disc Golf,Goliath,10.5,4.5,-1.0,2.5,overstable,distance driver,False
Goto Disc Golf,Gong,7.0,5.0,0.0,2.0,overstable,fairway driver,False
Osuma Disc,Goose,,,,,unknown,unknown,True
Innova,Gopher,,,,,unknown,unknown,True
Innova,Gorgon,10.0,6.0,-2.0,1.0,neutral,fairway driver,False
Innova,Gorgon Gstar,10.0,6.0,-3.0,1.0,understable,fairway driver,False
Kastaplast,Gote,4.0,5.0,0.0,1.0,neutral,putt and approach,False
Yikun,Gou,8.0,5.0,-3.5,1.0,understable,fairway driver,False
Disgo,GP1,2.0,3.0,0.0,1.0,neutral,putt and approach,False
Disgo,GP2,4.0,3.0,0.0,2.0,overstable,putt and approach,False
Rip Disc Golf,Graboide,2.0,1.0,0.0,3.0,overstable,putt and approach,False
Latitude 64,Grace,11.0,6.0,-1.0,2.0,neutral,distance driver,False
Mint Discs,Grackle,7.0,5.0,-1.0,2.0,neutral,fairway driver,False
Supersonic Discs,Gravity,1.0,2.0,1.0,2.0,overstable,putt and approach,False
Daredevil,Gray Jay,14.0,4.0,0.0,5.0,overstable,distance driver,False
Daredevil,Great Horned Owl,2.0,3.0,0.0,1.0,neutral,putt and approach,False
Wild Discs,Great White,13.0,5.0,-1.0,3.0,overstable,distance driver,True
Discmania,Gremlin GM,5.0,4.0,0.0,2.0,overstable,mid_range,True
Innova,Grenade,,,,,unknown,unknown,True
RIPR,Grey Wolf,12.0,5.0,-1.0,3.0,overstable,distance driver,False
Innova,Griffin,5.0,3.0,1.0,3.0,overstable,mid_range,True
Daredevil,Grizzly,4.0,4.0,0.0,2.0,overstable,putt and approach,False
Innova,Groove,13.0,6.0,-2.0,2.0,neutral,distance driver,False
Swiftflyte,Ground Control,4.0,4.0,-0.5,2.0,overstable,putt and approach,False
Elevation Disc Golf,Groundhog,,,,,unknown,unknown,False
Lone Star Disc,Growler,12.0,6.0,-3.0,2.0,neutral,distance driver,False
Pie Pan Discs,Grunt,9.0,5.0,-1.0,2.0,neutral,fairway driver,False
Kastaplast,Grym,13.0,5.0,-2.0,2.0,neutral,distance driver,True
Kastaplast,Grym X,12.0,5.0,-1.0,3.0,overstable,distance driver,True
Lone Star Disc,Guadalupe,7.0,6.0,-2.0,2.0,neutral,fairway driver,False
Dynamic Discs,Guard,2.0,5.0,0.0,0.5,neutral,putt and approach,False
Hero Leports,Guardian,,,,,unknown,unknown,False
True Par Disc Golf,Guardian Angel,11.0,6.0,-2.0,2.0,neutral,distance driver,False
Clash Discs,Guava,5.0,5.0,0.0,2.0,overstable,mid_range,False
Yikun,Gui,2.0,3.0,0.0,2.0,overstable,putt and approach,False
Full Turn,Guide,5.0,5.0,-2.0,1.0,neutral,mid_range,False
Kastaplast,Guld,13.0,5.0,-0.5,3.0,overstable,distance driver,False
Prodigy,H1,10.0,4.0,0.0,3.0,overstable,fairway driver,True
Prodigy,H1 V2,11.0,4.0,0.0,3.0,overstable,distance driver,False
Prodigy,H2,10.0,4.0,-1.0,3.0,overstable,fairway driver,True
Prodigy,H2 V2,11.0,5.0,0.0,2.5,overstable,distance driver,False
Prodigy,H3,10.0,5.0,-1.0,1.0,neutral,fairway driver,True
Prodigy,H3 V2,11.0,5.0,-1.0,2.0,neutral,distance driver,False
Prodigy,H4,10.0,5.0,-2.0,1.0,neutral,fairway driver,True
Prodigy,H4 V2,10.0,5.0,-2.0,1.5,neutral,fairway driver,False
Prodigy,H5,10.0,5.0,-3.0,1.0,understable,fairway driver,False
Prodigy,H6,11.0,5.0,-3.0,1.0,understable,distance driver,False
Prodigy,H7,9.0,5.0,-4.0,1.0,understable,fairway driver,False
Plastic Addicts,Habit,3.0,5.0,-1.0,0.0,neutral,putt and approach,False
Discraft,Hades,12.0,6.0,-3.0,2.0,neutral,distance driver,False
Discraft,Hallux,10.0,5.0,0.0,3.0,overstable,fairway driver,False
Latitude 64,Halo,13.0,5.0,-0.5,3.0,overstable,distance driver,False
Innova,Hammer,2.0,2.0,-1.0,2.0,neutral,putt and approach,True
Yikun,Hammer Chui,2.0,2.5,0.0,3.0,overstable,putt and approach,False
Essential Discs,Harmony,5.0,5.0,-1.0,1.0,neutral,mid_range,False
Westside,Harp,4.0,3.0,0.0,3.0,overstable,putt and approach,False
Lone Star Disc,Harpoon,4.0,3.0,0.0,1.0,neutral,putt and approach,False
Lone Star Disc,Harrier,12.0,6.0,-4.0,1.0,understable,distance driver,False
Westside,Hatchet,9.0,6.0,-2.0,1.0,neutral,fairway driver,False
Latitude 64,Havoc,13.0,5.0,-1.0,3.0,overstable,distance driver,False
Wingman,Havran,5.0,5.0,-1.0,1.0,neutral,mid_range,False
Exel Discs,Havu,4.0,4.0,0.0,0.0,neutral,putt and approach,False
Innova,Hawg,2.0,1.0,0.0,3.5,overstable,putt and approach,True
Discraft,Hawk,4.0,3.0,-2.0,2.0,neutral,putt and approach,True
Innova,Hawkeye,7.0,5.0,-1.0,1.0,neutral,fairway driver,False
Remix Disc Golf,Haymaker,9.0,4.0,0.0,4.0,overstable,fairway driver,False
Compound Discs,Hazard,4.0,1.0,0.0,4.0,overstable,putt and approach,False
All 4 Frisbee,Haze,,,,,unknown,unknown,False
Discraft,Heat,9.0,6.0,-3.0,1.0,understable,fairway driver,False
Remix Disc Golf,Heavy Metal,3.0,3.0,0.0,2.0,overstable,putt and approach,False
Dynamic Discs,Heist,12.0,5.0,-1.5,2.0,neutral,distance driver,False
Daredevil,Hellbender,4.0,4.0,0.0,2.0,overstable,putt and approach,False
Daredevil,Hellbender Razorback,4.0,4.0,0.0,3.0,overstable,putt and approach,False
DGA,Hellfire,10.0,3.0,0.0,5.0,overstable,fairway driver,False
Gram Discs,Helsinki,5.0,6.0,0.0,0.0,neutral,mid_range,False
Innova,Hero Disc Type 235,,,,,unknown,unknown,False
Axiom,Hex,5.0,5.0,-1.0,1.0,neutral,mid_range,False
Hobbysport,Hobbysport Driver,,,,,unknown,unknown,False
Hobbysport,Hobbysport Putter,,,,,unknown,unknown,False
Essential Discs,Honey,4.0,3.0,0.0,3.0,overstable,putt and approach,False
Latitude 64,Honor,9.0,5.0,0.0,2.5,overstable,fairway driver,False
AstroDisc,Honu,9.0,4.0,-2.0,2.0,neutral,fairway driver,False
Latitude 64,Hope,2.0,3.0,0.0,1.0,neutral,putt and approach,False
Launch Disc Golf,Horizon,,,,,unknown,unknown,False
Discraft,Hornet,5.0,5.0,0.0,4.0,overstable,mid_range,True
Lone Star Disc,Horny Toad,4.0,3.0,0.0,3.0,overstable,putt and approach,False
Yikun,Hou Yi,10.0,6.0,-1.0,2.0,neutral,fairway driver,False
Gateway,Houdini,3.0,3.0,0.0,3.0,overstable,putt and approach,False
Lone Star Disc,Houston,5.0,5.0,0.0,2.0,overstable,mid_range,False
Gorilla Disc Golf,Howler,12.0,4.0,-1.0,2.0,neutral,distance driver,False
Hobbysport,HS2020 Midrange,,,,,unknown,unknown,False
Yikun,Hu,9.0,5.0,-2.0,2.0,neutral,fairway driver,False
Bernoulli,Hubble,,,,,unknown,unknown,False
RPM Discs,Huia,7.0,5.0,0.0,2.0,overstable,fairway driver,False
Wild Discs,Hummingbird,2.0,4.0,0.0,1.0,neutral,putt and approach,True
Legacy Discs,Hunter,2.0,4.0,0.0,0.0,neutral,putt and approach,False
Fourth Circle Discs,Huntsman,2.0,3.0,0.0,2.5,overstable,putt and approach,True
Fourth Circle Discs,Huntsman Zero1,2.0,3.0,0.0,1.0,neutral,putt and approach,True
DGA,Hurricane,12.0,5.0,-1.0,3.0,overstable,distance driver,False
DGA,Hurricane X,13.0,5.0,0.0,3.0,overstable,distance driver,False
Osuma Disc,Husky,7.0,5.0,-1.0,1.0,neutral,fairway driver,False
Gateway,Hybrid,7.0,4.0,-0.5,2.0,overstable,fairway driver,True
Innova,Hydra,3.0,3.0,0.0,2.0,overstable,putt and approach,True
Franklin Sports,Hydro,,,,,unknown,unknown,False
Loft Discs,Hydrogen,1.0,2.0,0.0,0.0,neutral,putt and approach,False
Wild Discs,Hyena,9.0,5.0,-2.0,2.0,neutral,fairway driver,True
Pie Pan Discs,Hype,,,,,unknown,unknown,False
DGA,Hypercane,13.0,4.0,0.0,4.0,overstable,distance driver,False
Ozone Discs,Hyperion,11.0,4.0,0.0,4.0,overstable,distance driver,True
Orbital Discs,Hyrrokin,4.0,4.0,0.0,2.5,overstable,putt and approach,True
Cheengz,I-One,4.0,5.0,0.0,0.0,neutral,putt and approach,False
Vibram,Ibex,5.0,4.0,-1.0,1.0,neutral,mid_range,False
Doomsday Discs,Ice Age,7.0,4.0,0.0,3.0,overstable,fairway driver,False
Kastaplast,Idog,7.0,5.0,-0.5,2.0,overstable,fairway driver,False
Mint Discs,Idol,13.0,5.0,-1.0,2.5,overstable,distance driver,False
Supersonic Discs,IFO,7.0,6.0,0.0,2.0,overstable,fairway driver,False
Climate Disc Golf,Igloo,,,,,unknown,unknown,False
Orbital Discs,Ignition,9.0,4.0,-1.0,3.0,overstable,fairway driver,True
Reptilian Disc Golf,Iguana,5.0,5.0,-1.0,1.5,neutral,mid_range,False
Gateway,Illusion,11.0,5.0,-1.0,2.5,overstable,distance driver,False
Ferris State University,Imagine,,,,,unknown,unknown,True
Kastaplast,Impa,11.0,6.0,-4.0,1.0,understable,distance driver,False
Discraft,Impact,6.0,6.0,-3.0,1.0,understable,mid_range,False
Momentum Discs,Impetus,9.0,6.0,-2.0,2.0,neutral,fairway driver,False
MVP,Impulse,9.0,5.0,-3.0,1.0,understable,fairway driver,False
Infinite Discs,Inca,5.0,5.0,0.0,3.0,overstable,mid_range,False
MVP,Inertia,9.0,5.0,-2.0,2.0,neutral,fairway driver,False
Black Zombie Disc Golf,Infection,,,,,unknown,unknown,False
Quest Applied Technologies,Inferno,,,,,unknown,unknown,True
Flight Forge Discs,Ingot,6.0,5.0,0.0,1.0,neutral,mid_range,False
Trash Panda,Inner Core,2.0,4.0,-0.5,0.0,neutral,putt and approach,False
Finish Line Discs,Input,,,,,unknown,unknown,False
Axiom,Insanity,9.0,5.0,-2.0,1.5,neutral,fairway driver,False
Axiom,Inspire,6.5,5.0,-1.5,1.0,neutral,fairway driver,True
Discmania,Instinct,7.0,5.0,0.0,2.0,overstable,fairway driver,True
Dynamic Discs,Intent,,,,,unknown,unknown,False
Guru Disc Golf,Inter Locked,,,,,unknown,unknown,False
Elevation Disc Golf,Interceptor,5.0,4.0,0.0,3.0,overstable,mid_range,False
Finish Line Discs,Interval,12.0,5.0,-1.0,2.0,neutral,distance driver,False
Plastic Addicts,Intervention,12.0,5.0,-1.0,4.0,overstable,distance driver,False
Innova,Invader,3.0,2.0,0.0,1.0,neutral,putt and approach,False
Innova,Invictus,10.0,4.0,0.0,3.0,overstable,fairway driver,False
MVP,Ion,2.5,3.0,0.0,1.5,overstable,putt and approach,False
Element Discs,Iridium,2.0,3.0,0.0,2.0,overstable,putt and approach,True
Jester Disc Golf,Iris,3.0,4.0,-2.0,0.0,understable,putt and approach,False
Albatross Disc Golf,Ironclad,12.0,5.0,-1.0,2.0,neutral,distance driver,False
Lone Star Disc,Jack Rabbit,3.0,3.0,0.0,3.0,overstable,putt and approach,False
Fly High Discs,Jack the Ripper,9.0,5.0,0.0,1.0,neutral,fairway driver,True
Mint Discs,Jackalope,8.0,5.0,-2.0,1.0,neutral,fairway driver,False
Latitude 64,Jade,9.0,6.0,-2.0,1.0,neutral,fairway driver,False
Innova,Jaguar,5.5,6.0,-3.0,2.0,neutral,mid_range,True
Kastaplast,Jarn,4.5,3.0,0.0,3.0,overstable,mid_range,False
Gateway,Javelin,13.0,4.0,0.0,3.0,overstable,distance driver,False
Innova,Jay,5.0,4.0,0.0,1.0,neutral,mid_range,False
Streamline,Jet,11.0,5.0,-3.0,2.0,neutral,distance driver,False
Storm Disc Golf,Jet Stream,12.0,5.0,-1.0,3.0,overstable,distance driver,False
DestinyDynamic Disc,Jeteye,,,,,unknown,unknown,True
H13 Disc Golf,Jetsetter,9.0,5.0,-1.0,2.0,neutral,fairway driver,False
Albatross Disc Golf,Jetski,2.0,4.0,0.0,2.0,overstable,putt and approach,False
Yikun,Jiao,6.0,5.0,-2.0,1.5,neutral,mid_range,False
Yikun,Jin Wu,9.0,5.0,0.0,2.0,overstable,fairway driver,False
Goliath Discs,Jireh,5.0,5.0,-1.0,1.0,neutral,mid_range,False
Innova,JK Aviar,2.0,3.0,0.0,2.0,overstable,putt and approach,False
Millennium,JLS,7.0,5.0,-1.0,1.0,neutral,fairway driver,False
Bernoulli,Johnson,9.0,6.0,-3.0,1.0,understable,fairway driver,False
Prodiscus,Jokeri,3.0,3.0,1.0,2.0,overstable,putt and approach,False
Prodiscus,JokeriX,3.0,3.0,1.0,2.0,overstable,putt and approach,False
Hobby Discs,Jollyroger,5.0,5.5,-1.0,1.5,neutral,mid_range,False
Gateway,Journey,11.0,6.0,-2.0,1.0,neutral,distance driver,False
Discraft,Joy,4.0,5.0,-1.0,1.0,neutral,putt and approach,False
Dynamic Discs,Judge,2.0,4.0,0.0,1.0,neutral,putt and approach,False
Innova,Juggernaut,12.0,4.0,1.0,4.0,overstable,distance driver,False
CHING Disc Golf,JuJu,2.0,4.0,-1.0,0.0,neutral,putt and approach,False
Yikun,Jun,11.0,5.0,-1.0,2.0,neutral,distance driver,False
Above Ground Level,Juniper,5.0,6.0,-2.0,1.0,neutral,mid_range,False
Dynamic Discs,Jury,2.0,4.0,0.0,2.0,overstable,putt and approach,False
Dynamic Discs,Justice,5.0,1.0,0.5,4.0,overstable,mid_range,False
Las Aves Disc Golf,Ka-kaa,,,,,unknown,unknown,True
RPM Discs,Kahu,13.0,5.0,-1.0,2.0,neutral,distance driver,False
RPM Discs,Kahu OS,13.0,5.0,0.0,3.0,overstable,distance driver,True
RPM Discs,Kahu XG,13.0,5.0,-2.5,2.0,neutral,distance driver,True
Wingman,Kalous,9.0,5.0,-2.0,1.0,neutral,fairway driver,False
Yikun,Kang,3.0,5.0,-2.0,0.0,understable,putt and approach,False
Exel Discs,Kanto,5.0,5.0,0.0,2.0,overstable,mid_range,False
Divergent Discs,Kapre,5.0,5.0,-1.0,1.0,neutral,mid_range,False
Gateway,Karma,5.0,5.0,-1.0,3.0,overstable,mid_range,True
Innova,Katana,13.0,5.0,-3.0,3.0,neutral,distance driver,False
Divergent Discs,Kataw,5.0,4.0,0.0,3.0,overstable,mid_range,False
Kastaplast,Kaxe,6.0,4.0,0.0,3.0,overstable,mid_range,False
Kastaplast,Kaxe Z,6.0,5.0,0.0,2.0,overstable,mid_range,True
Innova,KC Aviar,2.0,3.0,0.0,2.0,overstable,putt and approach,False
RPM Discs,Kea,4.0,3.0,0.0,3.0,overstable,putt and approach,False
Exel Discs,Kelo,9.0,3.0,0.0,4.0,overstable,fairway driver,False
Latitude 64,Keystone,2.0,5.0,-1.0,1.0,neutral,putt and approach,False
Fly High Discs,KGB,5.0,5.0,-1.0,1.0,neutral,mid_range,True
Innova,Khan,3.0,2.0,0.0,2.0,overstable,putt and approach,False
Infinite Discs,Khonsu,5.0,5.0,-3.0,0.0,understable,mid_range,False
Westside,King,14.0,5.0,-1.5,3.0,overstable,distance driver,False
Innova,King Cobra,4.0,5.0,0.0,2.0,overstable,putt and approach,True
Innova,Kite,5.0,6.0,-3.0,1.0,understable,mid_range,False
RPM Discs,Kiwi,10.0,4.0,0.0,3.0,overstable,fairway driver,False
RPM Discs,Kiwi Raptor,10.0,5.0,-2.0,2.0,neutral,fairway driver,True
Viking Discs,Knife,2.0,3.0,0.0,2.0,overstable,putt and approach,False
Latitude 64,Knight,14.0,4.0,-1.5,3.0,overstable,distance driver,True
Good Tree Disc Golf,Knot,4.0,3.0,0.0,2.0,overstable,putt and approach,False
Good Tree Disc Golf,Knot-,4.0,3.0,-2.0,1.0,neutral,putt and approach,False
Above Ground Level,Koa,2.0,3.0,0.0,2.0,overstable,putt and approach,False
Kraken Discs,Kobold,,,,,unknown,unknown,False
Supersonic Discs,Kodiak,5.0,4.0,0.0,3.0,overstable,mid_range,False
Elevation Disc Golf,Koi,3.0,4.0,-1.0,0.0,neutral,putt and approach,False
Reptilian Disc Golf,Komodo,9.0,3.0,0.0,3.0,overstable,fairway driver,False
Infinite Discs,Kon Tiki,4.0,5.0,-3.0,0.0,understable,putt and approach,False
Orbital Discs,Kore,3.0,5.0,0.0,1.0,neutral,putt and approach,True
Exel Discs,Korpi,12.0,6.0,-2.0,2.0,neutral,distance driver,False
RPM Discs,Kotare,12.0,5.0,0.0,3.0,overstable,distance driver,False
RPM Discs,Kotuku,5.0,5.0,0.0,2.0,overstable,mid_range,False
Innova,Krait,11.0,5.0,-1.0,2.0,neutral,distance driver,False
Divergent Discs,Kraken,7.0,5.0,-1.0,1.0,neutral,fairway driver,False
Discraft,Kratos,3.0,3.0,0.0,3.0,overstable,putt and approach,False
Kastaplast,Krut,12.0,4.0,0.0,4.0,overstable,distance driver,False
Yikun,Kui,5.0,5.0,0.0,2.5,overstable,mid_range,False
Yeet Street Discs,Kyrios,3.0,4.0,0.0,1.0,neutral,putt and approach,False
Vibram,Lace,14.0,6.0,-1.0,1.0,neutral,distance driver,False
Alfa Discs,Laks,,,,,unknown,unknown,False
Doomsday Discs,Land Mine,2.0,2.0,0.0,2.0,overstable,putt and approach,False
Launch Disc Golf,Lander,3.0,4.0,-0.5,2.0,overstable,putt and approach,False
Qingdao Hippo Sport Products,Landing,,,,,unknown,unknown,False
Negative Disc Golf,Landmark,,,,,unknown,unknown,False
Lone Star Disc,Lariat,9.0,5.0,-1.0,1.0,neutral,fairway driver,False
Stokely Discs,Lark,7.0,5.0,-1.5,1.5,neutral,fairway driver,False
Prodiscus,Laseri,10.0,4.0,-1.0,1.0,neutral,fairway driver,False
Mint Discs,Lasso,3.0,3.0,0.0,2.0,overstable,putt and approach,False
Vibram,Launch,5.0,5.0,-1.0,2.0,neutral,mid_range,True
Northstar Discs,Launcher,13.0,5.0,-1.0,3.0,overstable,distance driver,False
Northstar Discs,Launcher OS,13.0,5.0,0.0,3.0,overstable,distance driver,False
Northstar Discs,Launcher US,13.0,6.0,-2.0,2.0,neutral,distance driver,False
Obsidian Discs,Lava,5.0,5.0,-1.5,1.0,neutral,mid_range,False
Divergent Discs,Lawin,12.0,5.0,-3.0,2.0,neutral,distance driver,False
RIPR,Leatherback,2.0,3.0,0.0,1.0,neutral,putt and approach,False
Prodiscus,Legenda,13.0,4.0,-1.0,4.0,overstable,distance driver,False
Prodiscus,Legion,5.0,5.0,-1.0,1.0,neutral,mid_range,False
XCom,Leo,11.0,5.0,-3.0,1.0,understable,distance driver,False
Innova,Leopard,6.0,5.0,-2.0,1.0,neutral,mid_range,False
Innova,Leopard3,7.0,5.0,-2.0,1.0,neutral,fairway driver,False
Divergent Discs,Leviathan,5.0,4.0,-3.0,0.0,understable,mid_range,False
Disc King,Lex,2.0,3.0,0.0,1.0,neutral,putt and approach,True
XCom,Libra,11.0,5.0,-1.0,2.0,neutral,distance driver,False
Streamline,Lift,9.0,5.0,-2.0,1.5,neutral,fairway driver,False
MVP,Limit,14.5,3.5,0.0,4.0,overstable,distance driver,True
Finuline,Line Tamer,,,,,unknown,unknown,False
Yikun,Ling,2.0,3.0,-3.0,1.0,understable,putt and approach,False
Discmania,Link,2.0,3.0,0.0,1.0,neutral,putt and approach,False
Innova,Lion,5.0,4.0,0.0,2.0,overstable,mid_range,False
Element Discs,Lithium,5.0,4.0,-2.0,1.0,neutral,mid_range,True
Mint Discs,Lobster,5.0,5.0,-3.0,1.0,understable,mid_range,False
Guru Disc Golf,Lockdown,3.0,3.0,0.0,2.0,overstable,putt and approach,False
Doomsday Discs,Lockdown Doomsday,10.0,5.0,-1.0,2.0,neutral,fairway driver,False
Above Ground Level,Locust,9.0,4.0,-1.0,3.0,overstable,fairway driver,False
Discmania,Logic,3.0,3.0,0.0,1.0,neutral,putt and approach,False
Viking Discs,Loki,4.0,2.0,0.0,4.0,overstable,putt and approach,False
Lone Star Disc,Lone Wolf,5.0,5.0,-3.0,1.0,understable,mid_range,False
Yikun,Long,10.0,5.0,-1.0,2.0,neutral,fairway driver,False
DestinyDynamic Disc,Long Ranger,,,,,unknown,unknown,True
Westside,Longbowman,9.0,4.0,0.0,3.0,overstable,fairway driver,False
Mint Discs,Longhorn,11.0,4.0,-1.0,3.0,overstable,distance driver,False
Supersonic Discs,Loop,2.0,9.0,0.0,0.0,neutral,putt and approach,False
Kastaplast,Lots,9.0,5.0,-1.0,2.0,neutral,fairway driver,False
Clash Discs,Lotus,8.0,5.0,-1.0,2.0,neutral,fairway driver,False
Jester Disc Golf,Love,2.0,3.0,0.0,1.0,neutral,putt and approach,False
Quest Applied Technologies,Low Speed Driver,,,,,unknown,unknown,True
Yikun,Luan,14.0,5.0,-1.0,3.0,overstable,distance driver,False
Crosslap,Lucky,5.0,5.0,-2.0,1.0,neutral,mid_range,False
Skyquest,Lucky 13,10.0,5.0,-3.0,2.0,neutral,fairway driver,False
Lightspeed Disc Golf,Lumen,7.0,5.0,0.0,3.0,overstable,fairway driver,False
Discraft,Luna,3.0,4.0,0.0,2.0,overstable,putt and approach,False
Supersonic Discs,Lunaris,12.0,6.0,-1.0,2.0,neutral,distance driver,False
Innova,Lycan,4.0,5.0,0.0,1.0,neutral,putt and approach,True
Innova,Lynx,,,,,unknown,unknown,True
Innova,Lynx IT,7.0,6.0,-2.0,1.0,neutral,fairway driver,False
Tefat,M 30,8.0,6.0,-2.0,2.0,neutral,fairway driver,False
Tefat,M 41,,,,,unknown,unknown,False
Prodigy,M Model OS,6.0,4.0,-1.0,3.0,overstable,mid_range,True
Prodigy,M Model S,6.0,4.0,0.0,3.0,overstable,mid_range,False
Prodigy,M Model US,4.0,5.0,-1.0,1.0,neutral,putt and approach,False
Torch Discs,M01,7.0,5.0,-1.0,2.0,neutral,fairway driver,False
Prodigy,M1,5.0,4.0,0.0,3.0,overstable,mid_range,False
Tefat,M10,2.0,2.0,0.0,3.0,overstable,putt and approach,False
Prodigy,M2,5.0,4.0,0.0,2.0,overstable,mid_range,False
Prodigy,M3,5.0,4.0,0.0,1.0,neutral,mid_range,False
Tefat,M31,8.0,5.0,0.0,2.0,overstable,fairway driver,False
Prodigy,M4,5.0,5.0,-1.0,1.0,neutral,mid_range,False
Tefat,M40,12.0,6.0,-2.0,2.0,neutral,distance driver,False
Prodigy,M5,5.0,5.0,-2.0,0.5,understable,mid_range,False
Latitude 64,Macana,2.0,5.0,0.0,1.0,neutral,putt and approach,True
Latitude 64,Mace,5.0,5.0,0.0,2.0,overstable,mid_range,False
Discraft,Machete,11.0,4.0,0.0,4.0,overstable,distance driver,False
XCom,Mackal,,,,,unknown,unknown,False
Lone Star Disc,Mad Cat,9.0,5.0,0.0,2.0,overstable,fairway driver,False
Guru Disc Golf,Mad Mission,3.0,3.0,0.0,2.0,overstable,putt and approach,False
Above Ground Level,Madrone,3.0,3.0,0.0,1.0,neutral,putt and approach,False
Storm Disc Golf,Maelstrom,11.0,5.0,-1.0,3.0,overstable,distance driver,False
Discmania,Maestro,4.0,3.0,0.0,2.0,overstable,putt and approach,True
Gateway,Magic,2.0,3.0,-1.0,0.0,neutral,putt and approach,False
Discmania,Magician,6.0,4.0,0.0,2.0,overstable,mid_range,True
Obsidian Discs,Magma,5.0,5.0,0.0,2.0,overstable,mid_range,False
Discraft,Magnet,2.0,3.0,-1.0,1.0,neutral,putt and approach,False
Galaxy Disc Golf,Magneton,2.0,3.0,0.0,2.0,overstable,putt and approach,True
Above Ground Level,Magnolia,5.0,6.0,0.0,2.0,overstable,mid_range,False
Stokely Discs,Magpie,,,,,unknown,unknown,False
Westside,Maiden,3.0,4.0,0.0,1.0,neutral,putt and approach,False
Discmania,Majesty,13.0,5.0,-2.0,2.0,neutral,distance driver,True
Innova,Makani,2.0,7.0,-2.0,0.0,understable,putt and approach,False
Innova,Mako,4.0,5.0,0.0,0.0,neutral,putt and approach,True
Innova,Mako3,5.0,5.0,0.0,0.0,neutral,mid_range,False
Discraft,Malita,5.0,5.0,-1.0,1.0,neutral,mid_range,False
Grassland Discs,Mallard,5.0,4.0,0.0,2.0,overstable,mid_range,False
Kastaplast,Malm,10.0,4.0,0.0,2.5,overstable,fairway driver,False
Discraft,Malta,5.0,4.0,1.0,3.0,overstable,mid_range,False
Innova,Mamba,11.0,6.0,-5.0,1.0,understable,distance driver,False
Daredevil,Mammoth,9.0,4.0,-1.0,5.0,overstable,fairway driver,False
Thought Space Athletics,Mana,5.0,5.0,-2.0,1.0,neutral,mid_range,False
Clash Discs,Mango,5.0,4.0,0.0,4.0,overstable,mid_range,False
Full Turn,Manifest,3.0,3.0,0.0,3.0,overstable,putt and approach,False
Innova,Manta,5.0,5.0,-2.0,1.0,neutral,mid_range,False
Discraft,Mantis,8.0,4.0,-2.0,2.0,neutral,fairway driver,False
Thought Space Athletics,Mantra,9.0,6.0,-2.0,1.0,neutral,fairway driver,False
Above Ground Level,Manzanita,3.0,3.0,0.0,2.0,overstable,putt and approach,False
Above Ground Level,Maple,4.0,2.0,0.0,2.0,overstable,putt and approach,False
Discraft,Marauder,,,,,unknown,unknown,True
Rogue Iron,Marine,11.0,5.0,-2.0,1.5,neutral,distance driver,False
Discwing,Mark,,,,,unknown,unknown,True
Hyzer Bomb,Marksman,9.0,4.0,-1.0,2.0,neutral,fairway driver,False
Neptune Discs,Marlin,7.0,5.0,-4.0,1.0,understable,fairway driver,False
Dynamic Discs,Marshal,3.0,4.0,0.0,1.0,neutral,putt and approach,False
Birdie,Marvel,2.0,3.0,0.0,1.0,neutral,putt and approach,False
Remix Disc Golf,Mastodon,,,,,unknown,unknown,False
MVP,Matrix,5.0,4.0,-1.0,2.0,neutral,mid_range,False
Latitude 64,Maul,7.0,7.0,-2.0,1.0,neutral,fairway driver,False
Dynamic Discs,Maverick,7.0,4.0,-1.5,2.0,neutral,fairway driver,False
Innova,Max,11.0,3.0,0.0,5.0,overstable,distance driver,False
Best Disc Golf Discs,MaxGlide,,,,,unknown,unknown,True
Plastic Paradise,Maximizer,,,,,unknown,unknown,True
Hero Disc,Maximus,7.0,6.0,-2.0,1.0,neutral,fairway driver,False
Infinite Discs,Maya,11.0,5.0,-3.0,1.0,understable,distance driver,False
Axiom,Mayhem,13.0,5.0,-1.5,2.0,neutral,distance driver,False
Discmania,MD,4.0,5.0,0.0,0.0,neutral,putt and approach,True
Discmania,MD1,5.0,6.0,0.0,0.0,neutral,mid_range,False
Discmania,MD2,4.0,5.0,0.0,2.0,overstable,putt and approach,True
Discmania,MD3,5.0,5.0,0.0,1.0,neutral,mid_range,False
Discmania,MD3x,5.0,5.0,0.0,2.0,overstable,mid_range,False
Discmania,MD4,5.0,4.0,0.0,3.0,overstable,mid_range,False
Discmania,MD5,5.0,3.0,0.0,4.0,overstable,mid_range,False
Discmania,MD5 Innova Made,5.0,3.0,0.0,4.0,overstable,mid_range,True
Latitude 64,Medius,5.0,5.0,-1.0,2.0,neutral,mid_range,True
Skyquest,Medusa,11.0,5.0,-2.0,2.0,neutral,distance driver,False
Discmania,Mentor,11.0,5.0,-2.0,2.0,neutral,distance driver,True
Remix Disc Golf,Mercenary,6.0,5.0,-2.0,1.0,neutral,mid_range,False
ITC Discs,Mercury,2.0,3.0,-1.0,0.0,neutral,putt and approach,False
Pacific Cycle,Mercury Putter,,,,,unknown,unknown,True
Latitude 64,Mercy,2.0,4.0,0.0,1.0,neutral,putt and approach,False
Daredevil,Merlin,14.0,5.0,-1.0,4.0,overstable,distance driver,False
Discmania,Mermaid,7.0,4.0,-1.0,2.0,neutral,fairway driver,True
Discraft,Meteor,5.0,5.0,-3.0,1.0,understable,mid_range,False
Yikun,Meteor Hammer,2.0,3.0,0.0,0.0,neutral,putt and approach,False
Galaxy Disc Golf,Meteorite,11.0,3.0,-0.5,2.0,overstable,distance driver,True
Discmania,Method,5.0,5.0,0.0,3.0,overstable,mid_range,True
Innova,Mid Disc3,5.0,5.0,0.0,2.0,overstable,mid_range,False
Prodiscus,Midari,5.0,4.0,-1.0,2.0,neutral,mid_range,False
Prodiscus,MidariX,5.0,4.0,-1.0,2.0,neutral,mid_range,False
Lone Star Disc,Middy,5.0,5.0,0.0,3.0,overstable,mid_range,False
Guru Disc Golf,Midgard,6.0,5.0,-1.0,1.0,neutral,mid_range,False
Latitude 64,Mighty,7.0,5.0,-1.0,2.0,neutral,fairway driver,False
Gram Discs,Milan,8.0,6.0,-4.0,1.0,understable,fairway driver,False
Deuz Disc Golf,Milestone,3.0,4.0,-2.0,1.0,neutral,putt and approach,False
Deuz Disc Golf,Milestone - Beaded,3.0,3.0,0.0,2.0,overstable,putt and approach,False
Kalaxy Discs,Milky Way,11.0,5.0,-1.0,2.0,neutral,distance driver,False
Clash Discs,Millet,7.0,6.0,-3.0,1.0,understable,fairway driver,False
Kraken Discs,Mimic,2.0,3.0,0.0,0.0,neutral,putt and approach,False
Divergent Discs,Minotaur,8.0,3.0,0.0,3.0,overstable,fairway driver,False
Clash Discs,Mint,4.0,3.0,0.0,3.0,overstable,putt and approach,False
Innova,Mirage,3.0,4.0,-3.0,0.0,understable,putt and approach,False
Latitude 64,Mirus,,,,,unknown,unknown,False
Latitude 64,Missilen,15.0,3.0,-0.5,4.5,overstable,distance driver,True
ABC Discs,Mission,5.0,5.0,-1.0,2.0,neutral,mid_range,True
Kliffa Discs,Misty,,,,,unknown,unknown,False
Guru Disc Golf,Mjolner,2.0,3.0,0.0,1.0,neutral,putt and approach,False
Synergy Discs,Mjolnir,,,,,unknown,unknown,True
Hyzer Bomb,Moab,6.0,4.0,1.0,5.0,overstable,mid_range,False
EV-7,Mobius,2.0,4.0,-1.0,0.0,neutral,putt and approach,False
Lone Star Disc,Mockingbird,7.0,5.0,-2.0,1.0,neutral,fairway driver,False
ColorYourGame,Modify,5.0,4.0,0.0,2.0,overstable,mid_range,False
Meridian Discs,Mojave,3.0,4.0,0.0,2.0,overstable,putt and approach,False
Supersonic Discs,Momentum,3.0,7.0,0.0,0.0,neutral,putt and approach,False
Innova,Monarch,10.0,5.0,-4.0,1.0,understable,fairway driver,False
ABC Discs,Money,2.0,3.0,0.0,2.0,overstable,putt and approach,True
Lucky Discs,Money Shot,4.0,3.0,1.0,3.0,overstable,putt and approach,False
Above Ground Level,Money Tree,9.0,6.0,-2.0,1.0,neutral,fairway driver,False
Legacy Discs,Mongoose,9.0,5.0,-3.0,1.0,understable,fairway driver,False
Windward Discs,Monsoon,5.0,4.0,0.0,2.0,overstable,mid_range,True
Innova,Monster,10.0,3.0,0.0,5.0,overstable,fairway driver,False
Doomsday Discs,Monstrosity,,,,,unknown,unknown,False
UB Disc Golf - Hand Candy,Monstrum,11.0,5.0,0.0,3.0,overstable,distance driver,True
Qingdao Hippo Sport Products,Mooring,2.0,4.0,0.0,1.0,neutral,putt and approach,False
Daredevil,Moose,4.0,5.0,0.0,2.0,overstable,putt and approach,False
Innova,Moray,,,,,unknown,unknown,True
Gateway,Morningstar,5.0,4.0,0.0,1.0,neutral,mid_range,True
Hyzer Bomb,Mortar,5.0,2.0,0.0,3.0,overstable,mid_range,False
MVP,Motion,9.0,3.5,0.0,4.0,overstable,fairway driver,False
Dynamic Discs,Motive,8.0,6.0,-3.0,2.0,neutral,fairway driver,False
Discraft,MRV,,,,,unknown,unknown,True
Discraft,MRX,,,,,unknown,unknown,True
Nice Discs,Mukava,,,,,unknown,unknown,False
Thought Space Athletics,Muse,3.0,3.0,0.0,2.0,overstable,putt and approach,False
Latitude 64,Musket,10.0,5.0,-0.5,2.0,overstable,fairway driver,False
Mint Discs,Mustang,5.0,5.0,0.0,2.0,overstable,mid_range,False
Discmania,Mutant,5.0,3.0,0.0,4.0,overstable,mid_range,True
Dynamic Discs,Mutiny,,,,,unknown,unknown,False
Prodigy,MX-1,5.0,3.0,0.0,4.0,overstable,mid_range,False
Prodigy,MX-2,5.0,4.0,0.0,3.0,overstable,mid_range,False
Prodigy,MX-3,5.0,4.0,0.0,1.0,neutral,mid_range,False
Lightning Discs,MX1,9.0,4.0,-2.0,3.0,neutral,fairway driver,True
Innova,Mystere,11.0,6.0,-2.0,2.0,neutral,distance driver,False
Mint Discs,Mystery Box,,,,,unknown,unknown,False
Mint Discs,Mystery Box 2023,,,,,unknown,unknown,False
Mint Discs,Mystery Box 2024,,,,,unknown,unknown,False
Mint Discs,Mystery Box 2025,,,,,unknown,unknown,False
Gateway,Mystic,5.0,5.0,-3.0,0.0,understable,mid_range,False
Albatross Disc Golf,Mystic Grove,14.0,5.0,-1.0,3.0,overstable,distance driver,False
Infinite Discs,Myth,2.0,3.0,0.0,2.0,overstable,putt and approach,False
Forge Discs,Nail,4.0,2.0,0.0,2.0,overstable,putt and approach,False
Salient,Napalm,11.0,5.0,-2.0,2.0,neutral,distance driver,True
Divergent Discs,Narwhal,3.0,5.0,0.0,0.0,neutral,putt and approach,False
Neptune Discs,Nautilus,5.0,5.0,0.0,2.0,overstable,mid_range,False
Full Turn,Navigator,5.0,4.0,-1.0,2.0,neutral,mid_range,False
Discraft,Nebula,5.0,4.0,-0.5,2.0,overstable,mid_range,True
Negative Disc Golf,Negative Reign,5.0,3.0,0.0,4.0,overstable,mid_range,False
Legacy Discs,Nemesis,10.0,6.0,-4.0,2.0,understable,fairway driver,False
Loft Discs,Neon,3.0,1.0,0.0,3.0,overstable,putt and approach,False
Momentum Discs,Nice,8.0,7.0,-2.0,2.0,neutral,fairway driver,False
Guru Disc Golf,Night Trooper,7.0,6.0,-1.0,1.0,neutral,fairway driver,False
Quest Applied Technologies,Nighthawk,,,,,unknown,unknown,True
Disctroyer,Nightjar,10.0,5.0,-0.5,2.5,overstable,fairway driver,False
Exel Discs,Nila,3.0,2.0,0.0,2.0,overstable,putt and approach,False
Elevation Disc Golf,Nimbus,5.0,5.0,0.0,1.5,overstable,mid_range,False
Lone Star Disc,Nimitz,11.0,5.0,-1.0,3.0,overstable,distance driver,False
Gateway,Ninja,10.0,6.0,-1.0,2.0,neutral,fairway driver,False
Nordisc,Niohoggr,2.0,3.0,0.0,3.0,overstable,putt and approach,False
MVP,Nitro,13.0,4.0,-0.5,3.0,overstable,distance driver,False
Lightning Discs,No1 Driver,7.0,4.0,-2.0,2.0,neutral,fairway driver,True
Lightning Discs,No1 Flyer,8.0,5.0,-2.0,2.0,neutral,fairway driver,True
Lightning Discs,No1 Helix,8.0,4.0,-1.0,3.0,overstable,fairway driver,True
Lightning Discs,No1 Hookshot,6.0,4.0,0.0,3.0,overstable,mid_range,True
Lightning Discs,No1 Hyzer,7.0,3.0,0.0,4.0,overstable,fairway driver,True
Lightning Discs,No1 Roller,7.0,4.0,-1.0,0.5,neutral,fairway driver,True
Lightning Discs,No1 Slice,7.0,4.0,-3.0,2.0,neutral,fairway driver,True
Lightning Discs,No2 Driver,8.0,5.0,-2.0,2.0,neutral,fairway driver,True
Lightning Discs,No2 Flyer,8.0,5.0,-1.0,2.0,neutral,fairway driver,True
Lightning Discs,No2 Helix,8.0,5.0,-1.0,3.0,overstable,fairway driver,True
Lightning Discs,No2 Hookshot,6.0,5.0,-1.0,2.0,neutral,mid_range,False
Lightning Discs,No2 Hyzer,5.0,5.0,1.0,4.0,overstable,mid_range,True
Lightning Discs,No2 Putter,1.0,2.0,-2.0,1.0,neutral,putt and approach,True
Lightning Discs,No2 Roller,6.0,6.0,-2.0,2.0,neutral,mid_range,True
Lightning Discs,No2 Slice,6.0,5.0,-3.0,1.0,understable,mid_range,True
Lightning Discs,No2 Upshot,2.0,4.0,0.0,1.0,neutral,putt and approach,False
Lightning Discs,No3 Driver,6.0,5.0,-2.0,3.0,neutral,mid_range,True
Lightning Discs,No3 Flyer,7.0,4.0,-2.0,2.0,neutral,fairway driver,True
Lightning Discs,No3 Hookshot,4.0,5.0,-1.0,2.0,neutral,putt and approach,True
Lightning Discs,No3 Hyzer,4.0,4.0,0.0,4.0,overstable,putt and approach,True
Lightning Discs,No3 Slice,6.0,5.0,-3.0,1.0,understable,mid_range,True
Lightning Discs,No4 Driver,7.0,4.0,-1.0,2.0,neutral,fairway driver,True
MVP,Nomad,2.0,4.0,0.0,1.5,overstable,putt and approach,False
Kastaplast,Nord,5.0,4.0,0.0,3.0,overstable,mid_range,False
Viking Discs,Nordic Warrior,4.0,4.0,0.0,2.0,overstable,putt and approach,False
Westside,Northman,10.0,5.0,-1.0,2.0,neutral,fairway driver,False
Vibram,Notch,7.0,3.0,0.0,4.5,overstable,fairway driver,True
Discmania,Notion,2.0,3.0,-1.0,0.0,neutral,putt and approach,False
Innova,Nova,2.0,3.0,0.0,0.0,neutral,putt and approach,False
Newb SimHouse Custom Discs,NSH 1701,,,,,unknown,unknown,False
Newb SimHouse Custom Discs,NSH 8472,,,,,unknown,unknown,False
Newb SimHouse Custom Discs,NSH0 Nexxus,,,,,unknown,unknown,False
Newb SimHouse Custom Discs,NSH1 TheTeleporter,,,,,unknown,unknown,False
Newb SimHouse Custom Discs,NSH11 Bird of Prey,,,,,unknown,unknown,False
Newb SimHouse Custom Discs,NSH12 BatLeth,,,,,unknown,unknown,False
Newb SimHouse Custom Discs,NSH13 Gin Tak,,,,,unknown,unknown,False
Newb SimHouse Custom Discs,NSH14 Nin Jai,,,,,unknown,unknown,False
Newb SimHouse Custom Discs,NSH15 Reliant,,,,,unknown,unknown,False
Newb SimHouse Custom Discs,NSH16 Warp,,,,,unknown,unknown,False
Newb SimHouse Custom Discs,NSH17 Pathway,,,,,unknown,unknown,False
Newb SimHouse Custom Discs,NSH18 Tetryon,,,,,unknown,unknown,False
Newb SimHouse Custom Discs,NSH2 The Borg,,,,,unknown,unknown,False
Newb SimHouse Custom Discs,NSH3 Dwayne,,,,,unknown,unknown,False
Newb SimHouse Custom Discs,NSH4 Mr Putt,,,,,unknown,unknown,False
Newb SimHouse Custom Discs,NSH5 Sweed,,,,,unknown,unknown,False
Newb SimHouse Custom Discs,NSH6 StackS,,,,,unknown,unknown,False
Newb SimHouse Custom Discs,NSH7 Gunnz,,,,,unknown,unknown,False
Newb SimHouse Custom Discs,NSH8 Defiant,,,,,unknown,unknown,False
Newb SimHouse Custom Discs,NSH9 Hexxus,,,,,unknown,unknown,False
Thought Space Athletics,Nuance,7.0,5.0,-2.0,1.0,neutral,fairway driver,False
Discraft,Nuke,13.0,5.0,-1.0,3.0,overstable,distance driver,False
Discraft,Nuke OS,13.0,4.0,0.0,4.0,overstable,distance driver,False
Discraft,Nuke SS,13.0,5.0,-3.0,3.0,neutral,distance driver,False
Divergent Discs,Nuno,3.0,4.0,-1.0,1.0,neutral,putt and approach,False
Yikun,Nv Wa,8.0,6.0,-1.5,0.0,understable,fairway driver,False
Newb SimHouse Custom Discs,NX-01,,,,,unknown,unknown,False
Vibram,O-Lace,13.0,5.0,-1.0,3.0,overstable,distance driver,True
FlyTec,Oak,9.0,7.0,-1.5,1.0,neutral,fairway driver,True
Negative Disc Golf,Oath,3.0,3.0,0.0,1.0,neutral,putt and approach,False
Vibram,Obex,5.0,4.0,0.0,3.0,overstable,mid_range,True
Doomsday Discs,Oblivion,12.0,4.0,-1.0,3.0,overstable,distance driver,False
Obsidian Discs,Obsidian Rift,11.0,5.0,-3.0,1.0,understable,distance driver,False
Obsidian Discs,Obsidian Tremor,9.0,4.0,0.0,3.5,overstable,fairway driver,False
MVP,Octane,13.0,5.0,-1.0,2.0,neutral,distance driver,False
Viking Discs,Odin,12.0,5.0,-1.0,3.0,overstable,distance driver,False
Gateway,Odyssey,8.0,5.0,-2.0,1.0,neutral,fairway driver,False
Quest Applied Technologies,Odyssey Approach & Putter,,,,,unknown,unknown,True
Quest Applied Technologies,Odyssey Driver,,,,,unknown,unknown,True
Quest Applied Technologies,Odyssey Midrange,,,,,unknown,unknown,True
Quest Applied Technologies,Odyssey Power Driver,,,,,unknown,unknown,True
Quest Applied Technologies,Odyssey Putter,,,,,unknown,unknown,True
Quest Applied Technologies,Odyssey True Line Putter,,,,,unknown,unknown,True
Daredevil,Ogopogo,9.0,4.0,-2.0,5.0,overstable,fairway driver,False
MVP,Ohm,2.0,5.0,0.0,1.0,neutral,putt and approach,False
Millennium,Omega,2.0,3.0,0.0,0.0,neutral,putt and approach,False
Millennium,Omega 4,2.0,3.0,0.0,1.0,neutral,putt and approach,False
Millennium,Omega AP,2.0,3.0,0.0,0.0,neutral,putt and approach,False
Millennium,Omega AP Big Bead,2.0,3.0,0.0,1.0,neutral,putt and approach,False
Millennium,Omega Big Bead,2.0,3.0,0.0,1.0,neutral,putt and approach,False
Millennium,Omega Driver,3.0,2.0,0.0,2.0,overstable,putt and approach,False
Millennium,Omega SuperSoft,2.0,3.0,0.0,0.0,neutral,putt and approach,False
Thought Space Athletics,Omen,9.0,4.0,0.0,4.0,overstable,fairway driver,False
Vibram,Onyx,8.0,6.0,-3.0,1.0,understable,fairway driver,True
Crosslap,Openwater,12.0,4.0,-1.5,2.0,neutral,distance driver,False
XCom,Ophiuchus,7.0,5.0,-3.0,1.0,understable,fairway driver,False
Plastic Paradise,Optimizer,,,,,unknown,unknown,True
Sacred Discs,Oracle,7.0,5.0,-2.0,2.0,neutral,fairway driver,False
Galaxy Disc Golf,Orbit,5.0,4.0,0.0,3.0,overstable,mid_range,True
MVP,Orbital,11.0,5.0,-4.5,1.0,understable,distance driver,False
Innova,Orc,10.0,4.0,-1.0,3.0,overstable,fairway driver,False
Wild Discs,Orca,12.0,5.0,-1.5,2.0,neutral,distance driver,True
XCom,Ori,,,,,unknown,unknown,False
Discmania,Origin,5.0,5.0,-1.0,1.0,neutral,mid_range,False
Prodiscus,Origo,3.0,3.0,0.0,1.0,neutral,putt and approach,False
Millennium,Orion LF,9.0,5.0,-1.0,2.0,neutral,fairway driver,False
Millennium,Orion LS,9.0,4.0,-1.0,1.0,neutral,fairway driver,False
Aerobees,Orsus,5.0,5.0,0.0,1.0,neutral,mid_range,False
Aerobees,Orsus Compost,5.0,5.0,0.0,1.0,neutral,mid_range,False
STM Disc Golf,Osiris,5.0,5.0,-1.0,1.0,neutral,mid_range,False
Gram Discs,Oslo,12.0,5.0,0.0,3.0,overstable,distance driver,False
AquaFlight Discs,Osprey,12.0,4.0,-1.0,2.0,neutral,distance driver,True
Climo Disc Golf,Osprey Climo,10.0,6.0,-3.0,1.0,understable,fairway driver,False
EV-7,Ouro Boros,4.0,3.0,0.0,3.0,overstable,putt and approach,False
Trash Panda,Outer Core,2.0,4.0,0.0,1.0,neutral,putt and approach,False
Full Turn,Outlander,8.0,4.0,0.0,3.0,overstable,fairway driver,False
Legacy Discs,Outlaw,12.0,5.0,-1.0,3.0,overstable,distance driver,False
Doomsday Discs,Overlord,,,,,unknown,unknown,False
STM Disc Golf,Overwatch,3.0,4.0,0.5,0.0,neutral,putt and approach,False
Stokely Discs,Owl,4.0,3.0,0.5,3.5,overstable,putt and approach,False
Essential Discs,Oxygen,9.0,6.0,-3.0,1.0,understable,fairway driver,False
Trash Panda,Ozone,8.0,6.0,-3.0,1.0,understable,fairway driver,False
Prodigy,P Model OS,3.0,4.0,0.0,3.0,overstable,putt and approach,False
Prodigy,P Model S,3.0,5.0,0.0,2.0,overstable,putt and approach,False
Prodigy,P Model US+,3.0,5.0,-1.0,1.0,neutral,putt and approach,False
Discmania,P1,2.0,3.0,0.0,0.0,neutral,putt and approach,False
Discmania,P1x,2.0,3.0,0.0,0.0,neutral,putt and approach,False
Discmania,P2,2.0,3.0,0.0,1.0,neutral,putt and approach,False
Discmania,P2x,2.0,3.0,0.0,1.0,neutral,putt and approach,False
Discmania,P3,3.0,2.0,0.0,3.0,overstable,putt and approach,True
Discmania,P3x,3.0,2.0,0.0,3.0,overstable,putt and approach,False
Discmania,P4,4.0,2.0,0.0,3.0,overstable,putt and approach,False
Prodigy,PA-1,3.0,3.0,0.0,2.5,overstable,putt and approach,False
Prodigy,PA-2,3.0,3.0,0.0,2.0,overstable,putt and approach,False
Prodigy,PA-3,3.0,3.0,0.0,1.0,neutral,putt and approach,False
Prodigy,PA-4,3.0,3.0,-1.0,1.0,neutral,putt and approach,False
Prodigy,PA-5,3.0,4.0,-2.0,0.5,understable,putt and approach,False
Finish Line Discs,Pace,2.0,4.0,0.0,1.5,overstable,putt and approach,False
Northstar Discs,Pacific,10.0,5.0,-1.0,3.0,overstable,fairway driver,False
Northstar Discs,Pacific OS,10.0,4.0,0.0,3.0,overstable,fairway driver,False
Latitude 64,Pain,4.0,4.0,0.0,3.0,overstable,putt and approach,True
Northstar Discs,Paladin,8.0,5.0,-1.0,3.0,overstable,fairway driver,False
Northstar Discs,Paladin OS,8.0,4.0,0.0,3.0,overstable,fairway driver,False
Northstar Discs,Paladin US,,,,,unknown,unknown,False
Axiom,Panic,13.0,4.0,-0.5,3.0,overstable,distance driver,False
Innova,Panther,5.0,4.0,-2.0,1.0,neutral,mid_range,False
Streamline,Parachute,1.0,7.0,0.0,0.5,neutral,putt and approach,False
Discmania,Paradigm,12.0,6.0,-1.5,2.0,neutral,distance driver,False
Axiom,Paradox,5.0,4.0,-4.0,0.0,understable,mid_range,False
Gram Discs,Paris,11.0,6.0,-1.0,2.0,neutral,distance driver,False
Supersonic Discs,Parked,4.0,2.0,0.0,5.0,overstable,putt and approach,False
FotCot Discs,ParkingBob,7.0,5.0,-3.0,1.0,understable,fairway driver,False
MVP,Particle,3.0,3.0,0.0,2.5,overstable,putt and approach,True
Discraft,Passion,8.0,5.0,-1.0,1.0,neutral,fairway driver,False
Full Turn,Passport,4.0,4.0,-1.0,1.0,neutral,putt and approach,False
Compound Discs,Path,3.0,3.0,0.0,2.0,overstable,putt and approach,False
Thought Space Athletics,Pathfinder,5.0,5.0,0.0,1.0,neutral,mid_range,False
Legacy Discs,Patriot,7.0,5.0,-2.0,1.0,neutral,fairway driver,False
Dynamic Discs,Patrol,5.0,5.0,-3.0,1.0,understable,mid_range,True
Discmania,PD,10.0,4.0,0.0,3.0,overstable,fairway driver,False
Discmania,PD2,12.0,4.0,0.0,4.0,overstable,distance driver,False
Discmania,PD3,11.0,3.0,0.0,5.0,overstable,distance driver,True
Discmania,PDx,11.0,4.0,0.0,3.0,overstable,distance driver,True
Essential Discs,Peace,2.0,3.0,0.0,0.5,neutral,putt and approach,False
AquaFlight Discs,Peace Frog,3.0,3.0,0.0,1.0,neutral,putt and approach,True
Jester Disc Golf,Peace Train,5.0,4.0,-2.0,1.0,neutral,mid_range,False
Clash Discs,Peach,4.0,5.0,-2.0,1.0,neutral,putt and approach,False
Latitude 64,Peak,3.0,3.0,0.0,1.0,neutral,putt and approach,False
Latitude 64,Pearl,4.0,6.0,-4.0,0.0,understable,putt and approach,False
Innova,Pegasus,7.0,4.0,-1.0,3.0,overstable,fairway driver,True
XCom,Pegasus X,10.0,5.0,-2.0,2.0,neutral,fairway driver,False
RPM Discs,Pekapeka,9.0,5.0,-3.0,1.0,understable,fairway driver,False
AquaFlight Discs,Pelican,6.0,5.0,-3.0,1.0,understable,mid_range,True
Lone Star Disc,Penny Putter,3.0,3.0,0.0,2.0,overstable,putt and approach,False
EV-7,Penrose,2.0,4.0,0.0,2.0,overstable,putt and approach,False
Clash Discs,Pepper,11.0,5.0,0.0,4.0,overstable,distance driver,False
Clash Discs,Peppermint,4.0,2.0,0.0,4.0,overstable,putt and approach,False
Stokely Discs,Peregrine,,,,,unknown,unknown,False
Thought Space Athletics,Persona,8.0,5.0,-3.0,1.0,understable,fairway driver,False
Doomsday Discs,Pestilence,13.0,5.0,-4.0,1.0,understable,distance driver,False
Yeet Street Discs,Petra,5.0,5.0,-1.0,1.0,neutral,mid_range,False
Discraft,Phantom,,,,,unknown,unknown,True
Discraft,Phantom Deuce,,,,,unknown,unknown,True
Discraft,Phantom Light,,,,,unknown,unknown,True
Legacy Discs,Phantom Warrior,7.0,5.0,0.0,2.0,overstable,fairway driver,True
Discraft,Phantom+,,,,,unknown,unknown,True
Infinite Discs,Pharaoh,13.0,6.0,-1.0,2.0,neutral,distance driver,False
MVP,Phase,11.0,3.5,0.0,4.0,overstable,distance driver,False
Innova,Phenix,,,,,unknown,unknown,True
Legacy Discs,Phenom,8.0,5.0,-1.0,2.0,neutral,fairway driver,False
EV-7,Phi,3.0,4.0,0.0,1.0,neutral,putt and approach,False
Mint Discs,Phoenix,9.0,3.0,0.0,4.0,overstable,fairway driver,False
MVP,Photon,11.0,5.0,-1.0,2.5,overstable,distance driver,False
Mint Discs,Pickle,2.0,3.5,0.0,1.5,overstable,putt and approach,False
Innova,Pig,4.0,1.0,0.0,3.0,overstable,putt and approach,False
Stokely Discs,Pigeon,,,,,unknown,unknown,False
Osuma Disc,Pike,5.0,5.0,-1.0,1.0,neutral,mid_range,False
Goliath Discs,Pillar,3.0,2.0,0.0,4.0,overstable,putt and approach,False
Streamline,Pilot,2.0,5.0,0.0,1.0,neutral,putt and approach,False
Westside,Pine,5.0,4.0,0.0,2.0,overstable,mid_range,False
Latitude 64,Pioneer,9.0,3.0,0.0,4.0,overstable,fairway driver,False
DGA,Pipeline,8.0,5.0,0.0,2.0,overstable,fairway driver,False
Innova,Piranha,,,,,unknown,unknown,True
XCom,Pisces,7.0,5.0,0.0,2.0,overstable,fairway driver,False
Axiom,Pitch,1.0,7.0,-0.5,0.0,neutral,putt and approach,False
Prodigy,Pivot,3.0,4.0,0.0,0.5,neutral,putt and approach,False
RPM Discs,Piwakawaka,5.0,6.0,-1.0,0.0,neutral,mid_range,False
Axiom,Pixel,2.0,4.0,0.0,0.5,neutral,putt and approach,False
Doomsday Discs,Plague,12.0,5.0,-1.0,2.5,overstable,distance driver,False
Discount Disc Golf,Player Two,3.0,3.0,0.0,1.0,neutral,putt and approach,False
Pacific Cycle,Pluto Driver,,,,,unknown,unknown,True
Element Discs,Plutonium,3.0,3.0,0.0,1.0,neutral,putt and approach,True
Thought Space Athletics,Pneuma,2.0,3.0,0.0,0.0,neutral,putt and approach,False
Daredevil,Polar Bear,2.0,3.0,0.0,1.0,neutral,putt and approach,False
Millennium,Polaris LF,9.0,5.0,-2.0,2.5,neutral,fairway driver,True
Millennium,Polaris LS,6.0,4.0,-1.0,1.0,neutral,mid_range,False
Innova,Polecat,1.0,3.0,0.0,0.0,neutral,putt and approach,False
Above Ground Level,Ponderosa,3.0,4.0,-2.0,0.0,understable,putt and approach,False
Supersonic Discs,Pondskater,9.0,4.0,-2.0,2.0,neutral,fairway driver,False
Clash Discs,Popcorn,3.0,3.0,0.0,1.0,neutral,putt and approach,False
X-UFO,Pounce,6.0,5.0,-2.0,1.0,neutral,mid_range,False
Innova,Power Disc 2 Elixer,12.0,4.0,0.0,4.0,overstable,distance driver,False
Innova,Power Disc Phantom Sword,10.0,4.0,0.0,3.0,overstable,fairway driver,False
Tobu Discs,Power Roller,8.0,4.0,-3.0,1.0,understable,fairway driver,True
DGA,PowerDrive Gumbputt,2.0,2.0,0.0,2.0,overstable,putt and approach,True
Gram Discs,Prague,2.0,3.0,0.0,2.0,overstable,putt and approach,False
Thought Space Athletics,Praxis,3.0,3.0,0.0,1.0,neutral,putt and approach,False
CHING Disc Golf,Precision,4.5,4.0,-1.0,1.0,neutral,mid_range,False
Discraft,Predator,9.0,4.0,1.0,4.0,overstable,fairway driver,False
Discmania,Premier Cloudbreaker,2.0,5.0,0.0,3.0,overstable,putt and approach,False
Discmania,Premier DD1,11.0,6.0,-1.0,2.0,neutral,distance driver,False
Momentum Discs,Pretty Fly,9.0,6.0,-1.0,2.0,neutral,fairway driver,False
Lone Star Disc,Prickly Pear,3.0,3.0,-1.0,1.0,neutral,putt and approach,False
Latitude 64,Primitus,9.0,5.0,0.0,2.0,overstable,fairway driver,True
Westside,Prince,13.0,5.0,0.0,3.0,overstable,distance driver,False
UB Disc Golf - Hand Candy,Procul,12.0,4.0,-3.0,2.0,neutral,distance driver,True
Trash Panda,Procyon,11.5,4.0,-1.0,2.0,neutral,distance driver,False
Prodigy,Prodigy Club Fairway,,,,,unknown,unknown,False
Prodigy,Prodigy Club Putter,,,,,unknown,unknown,False
Prodigy,Prodigy NERF Driver,,,,,unknown,unknown,False
Prodigy,Prodigy NERF Midrange,,,,,unknown,unknown,False
Prodigy,Prodigy NERF Putter,,,,,unknown,unknown,False
Prodigy,Prodigy NERF Ultimate,,,,,unknown,unknown,False
Mint Discs,Profit,2.0,3.0,0.0,2.0,overstable,putt and approach,False
Salient,Prometheus,14.0,4.0,-1.0,1.0,neutral,distance driver,True
Dynamic Discs,Proof,5.0,6.0,-3.0,1.0,understable,mid_range,True
Doomsday Discs,Propaganda,,,,,unknown,unknown,False
Gateway,Prophecy,5.0,5.0,0.0,2.0,overstable,mid_range,False
Gateway,Proto 99a,,,,,unknown,unknown,False
Legacy Discs,Prowler,2.0,2.0,0.0,2.0,overstable,putt and approach,False
Doomsday Discs,Proximity Mine,2.0,3.0,0.0,1.5,overstable,putt and approach,False
Axiom,Proxy,3.0,3.0,-1.0,0.5,neutral,putt and approach,False
Elevation Disc Golf,Psychic,12.0,5.0,-1.0,2.0,neutral,distance driver,False
Doomsday Discs,Psyop,9.0,4.0,-2.0,1.0,neutral,fairway driver,False
Daredevil,Pteranodon,4.0,6.0,-2.0,1.0,neutral,putt and approach,False
Reptilian Disc Golf,Ptero,7.0,5.0,-1.0,1.0,neutral,fairway driver,False
Dino Discs,Pterodactylus,9.0,5.0,-3.0,1.0,understable,fairway driver,False
Innova,Pulsar,,,,,unknown,unknown,True
Discraft,Pulse,11.0,4.0,0.0,3.0,overstable,distance driver,True
Innova,Puma,,,,,unknown,unknown,True
Discraft,Punisher,12.0,5.0,0.0,3.0,overstable,distance driver,True
DestinyDynamic Disc,Puppy,,,,,unknown,unknown,True
Latitude 64,Pure,3.0,3.0,-1.0,1.0,neutral,putt and approach,False
Fly High Discs,Pure OG,6.0,4.0,-1.0,2.0,neutral,mid_range,True
Exel Discs,Puro,7.0,6.0,-2.0,1.0,neutral,fairway driver,False
Essential Discs,Purpose,5.0,4.0,0.0,3.0,overstable,mid_range,False
Wing It Disc Golf,Pursue,5.0,4.0,0.0,3.0,overstable,mid_range,False
Legacy Discs,Pursuit,5.0,3.0,0.0,3.0,overstable,mid_range,False
Discraft,Puttr,2.0,2.0,-1.0,1.0,neutral,putt and approach,True
Prodigy,PX-3,3.0,3.0,0.0,2.0,overstable,putt and approach,False
Prodiscus,Pyramid,5.0,3.0,0.0,3.0,overstable,mid_range,False
Axiom,Pyro,5.0,4.0,0.0,2.5,overstable,mid_range,False
Innova,Python,7.0,3.0,-1.0,2.0,neutral,fairway driver,True
Yikun,QI,13.0,6.0,-2.0,2.0,neutral,distance driver,False
Millennium,QJLS,,,,,unknown,unknown,False
Millennium,QMS,,,,,unknown,unknown,False
DGA,Quake,5.0,3.0,0.0,3.0,overstable,mid_range,False
Millennium,Quantum Vela,7.0,4.0,-1.5,2.0,neutral,fairway driver,False
Discwing,Quarter K,,,,,unknown,unknown,True
Discwing,Quarter K II,,,,,unknown,unknown,True
Millennium,Quasar,13.0,5.0,0.0,3.0,overstable,distance driver,False
Westside,Queen,14.0,5.0,-3.0,2.0,neutral,distance driver,False
Infinite Discs,Ra,5.0,4.0,0.0,2.5,overstable,mid_range,False
Innova,Racer,12.0,6.0,-1.0,2.0,neutral,distance driver,False
Innova,Racer 2,,,,,unknown,unknown,False
Storm Disc Golf,Radar,2.0,5.0,0.0,0.5,neutral,putt and approach,False
Element Discs,Radium,6.0,4.0,-1.0,2.0,neutral,mid_range,True
Gateway,Rage,10.0,5.0,-0.5,3.5,overstable,fairway driver,True
Quest Applied Technologies,Raging Inferno DT,,,,,unknown,unknown,True
Viking Discs,Ragnarok,11.0,5.0,-1.0,2.0,neutral,distance driver,False
Quest Applied Technologies,Ragning Inferno,,,,,unknown,unknown,True
Dynamic Discs,Raider,13.0,5.0,-0.5,3.0,overstable,distance driver,False
Essential Discs,Rain,8.0,5.0,0.0,3.0,overstable,fairway driver,False
Discmania,Rainmaker,2.0,3.0,0.0,0.5,neutral,putt and approach,True
Latitude 64,Raketen,15.0,4.0,-2.0,3.0,neutral,distance driver,True
Finish Line Discs,Rally,8.0,5.0,-1.0,2.0,neutral,fairway driver,False
Innova,Ram,6.0,4.0,1.0,4.0,overstable,mid_range,True
Legacy Discs,Rampage,14.0,5.0,-1.0,4.0,overstable,distance driver,False
Innova,Rancho Roc,4.0,4.0,0.0,3.0,overstable,putt and approach,True
Streamline,Range,2.0,1.0,-0.5,0.5,neutral,putt and approach,False
Discraft,Raptor,9.0,4.0,0.0,3.0,overstable,fairway driver,False
Goliath Discs,Rapture,12.0,5.0,0.0,3.0,overstable,distance driver,False
Kastaplast,Rask,14.0,3.0,0.0,4.0,overstable,distance driver,False
Innova,Rat,4.0,2.0,0.0,3.0,overstable,putt and approach,False
Discraft,Rattler,2.0,2.0,-2.0,1.0,neutral,putt and approach,True
Innova,Raven,6.0,4.0,-2.0,2.0,neutral,mid_range,True
Meridian Discs,Ravine,5.0,5.0,0.0,2.0,overstable,mid_range,False
Infinite Discs,Raze,3.0,2.0,0.0,3.0,overstable,putt and approach,False
Prodiscus,Razeri,12.0,4.0,0.0,4.0,overstable,distance driver,False
Discmania,Razor Claw Tactic,4.0,2.0,0.0,4.0,overstable,putt and approach,True
Birdie,Reach,12.0,5.0,-1.0,3.0,overstable,distance driver,False
MVP,Reactor,5.0,5.0,-0.5,1.5,neutral,mid_range,False
Evolvent Discs,Readiness,6.0,6.0,-1.0,1.0,neutral,mid_range,False
Gateway,Realm,12.0,5.0,-1.0,3.0,overstable,distance driver,False
Discraft,Reaper,8.0,3.0,0.0,4.0,overstable,fairway driver,False
Legacy Discs,Rebel,2.0,3.0,0.0,2.0,overstable,putt and approach,False
Legacy Discs,Recluse,5.0,3.0,0.0,4.0,overstable,mid_range,False
Latitude 64,Recoil,12.0,4.0,0.0,3.0,overstable,distance driver,True
Legacy Discs,Recon,13.0,5.0,-1.0,3.0,overstable,distance driver,False
Goliath Discs,Redemption,5.0,5.0,0.0,2.0,overstable,mid_range,False
Above Ground Level,Redwood,12.0,5.0,-1.0,2.0,neutral,distance driver,False
DGA,Reef,2.0,2.0,-1.0,1.0,neutral,putt and approach,True
Essential Discs,Reflection,7.0,5.0,-2.0,1.0,neutral,fairway driver,False
Tokyo Discs,Rei,,,,,unknown,unknown,False
Salient,Reign,13.0,5.0,0.0,2.0,overstable,distance driver,True
Kastaplast,Reko,3.0,3.0,0.0,1.0,neutral,putt and approach,False
Kastaplast,Reko X,3.0,3.0,0.0,2.0,overstable,putt and approach,False
MVP,Relativity,14.5,5.5,-3.0,1.5,understable,distance driver,False
MVP,Relay,6.0,5.0,-2.0,1.0,neutral,mid_range,False
Rip Disc Golf,Relic,2.0,2.0,-2.0,2.0,neutral,putt and approach,True
Dynamic Discs,Renegade,11.0,5.0,-1.5,2.5,neutral,distance driver,True
Thought Space Athletics,Requiem,12.0,5.0,-1.0,2.0,neutral,distance driver,False
MVP,Resistor,6.5,4.0,0.0,3.5,overstable,fairway driver,False
Prodiscus,Respecti,8.0,4.0,0.0,2.0,overstable,fairway driver,False
Finish Line Discs,Rev,,,,,unknown,unknown,False
Prodigy,Reverb,13.0,5.0,0.0,3.5,overstable,distance driver,True
Gram Discs,Reykjavik,9.0,4.0,0.0,4.0,overstable,fairway driver,False
Innova,Rhyno,2.0,1.0,0.0,3.0,overstable,putt and approach,False
Innova,RhynoX,2.0,1.0,0.0,4.0,overstable,putt and approach,False
Axiom,Rhythm,7.0,5.5,-2.0,1.0,neutral,fairway driver,False
Vibram,Ridge,2.0,3.0,0.0,1.0,neutral,putt and approach,True
DGA,Rift,5.0,4.0,-1.0,1.5,neutral,mid_range,False
Gram Discs,Riga,8.0,6.0,-2.0,1.0,neutral,fairway driver,False
Discraft,Ringer,4.0,4.0,0.0,2.0,overstable,putt and approach,False
Discraft,Ringer GT,4.0,4.0,0.0,3.0,overstable,putt and approach,False
Lone Star Disc,Rio Grande,7.0,5.0,-2.0,1.0,neutral,fairway driver,False
Latitude 64,Riot,11.0,4.0,-1.0,2.0,neutral,distance driver,True
Albatross Disc Golf,Rippling Waters,2.0,4.0,0.0,1.0,neutral,putt and approach,False
DGA,Riptide,9.0,4.0,0.0,3.0,overstable,fairway driver,True
Birdie,Rise,5.0,4.0,0.0,2.0,overstable,mid_range,False
Negative Disc Golf,Ritual,5.0,5.0,0.0,2.0,overstable,mid_range,False
Legacy Discs,Rival,7.0,5.0,0.0,2.0,overstable,fairway driver,False
Latitude 64,Rive,13.0,5.0,0.0,3.5,overstable,distance driver,False
Latitude 64,River,7.0,7.0,-1.0,1.0,neutral,fairway driver,False
Latitude 64,River Pro,6.0,5.0,0.0,2.0,overstable,mid_range,False
Discraft,Roach,2.0,4.0,0.0,1.0,neutral,putt and approach,False
Innova,Roadrunner,9.0,5.0,-4.0,1.0,understable,fairway driver,False
Stokely Discs,Robin,,,,,unknown,unknown,False
Innova,Roc,4.0,4.0,0.0,3.0,overstable,putt and approach,False
Innova,Roc+,4.0,4.0,0.0,3.0,overstable,putt and approach,True
Innova,Roc3,5.0,4.0,0.0,3.0,overstable,mid_range,False
Quest Applied Technologies,Rock-It,,,,,unknown,unknown,True
Prodiscus,Rocket,9.0,4.0,0.0,3.0,overstable,fairway driver,False
Discmania,Rockstar,8.0,5.0,-2.0,1.0,neutral,fairway driver,True
Innova,RocX3,5.0,4.0,0.0,3.5,overstable,mid_range,False
Mint Discs,Rodeo,5.0,5.0,-1.0,3.0,overstable,mid_range,False
DGA,Rogue,11.0,4.0,-1.0,1.0,neutral,distance driver,False
Innova,Rollo,5.0,6.0,-4.0,1.0,understable,mid_range,False
Infinite Discs,Roman,10.0,4.0,0.0,3.0,overstable,fairway driver,False
Yikun,Rong,13.0,5.0,-3.0,1.0,understable,distance driver,False
Remix Disc Golf,Ronin,8.0,4.5,0.0,2.0,overstable,fairway driver,False
Prodigy,Rook P Model US,3.0,5.0,-1.0,1.0,neutral,putt and approach,False
Discraft,Roost,2.0,5.0,0.0,2.0,overstable,putt and approach,False
Discape Disc Golf,Rootheon,2.0,3.0,0.0,2.0,overstable,putt and approach,False
Hooligan Discs,Rope,5.0,6.0,-1.0,0.0,neutral,mid_range,False
Doomsday Discs,Rot,2.0,3.0,0.0,1.0,neutral,putt and approach,False
Millennium,Rover,5.0,6.0,-4.0,1.0,understable,mid_range,False
Lightning Discs,Rubber Putter,2.0,3.0,0.0,0.5,neutral,putt and approach,False
Latitude 64,Ruby,3.0,5.0,-3.0,1.0,understable,putt and approach,False
Infinite Discs,Ruin,3.0,3.0,0.0,3.0,overstable,putt and approach,False
Remix Disc Golf,Rumble,10.0,5.0,-1.0,2.0,neutral,fairway driver,False
Viking Discs,Rune,2.0,4.0,0.0,0.0,neutral,putt and approach,False
Streamline,Runway,5.0,4.0,0.0,3.5,overstable,mid_range,False
RPM Discs,Ruru,3.0,3.0,0.0,1.0,neutral,putt and approach,False
Momentum Discs,Rush,,,,,unknown,unknown,False
Franklin Sports,Ryuu,,,,,unknown,unknown,False
XCom,S-Bennu,,,,,unknown,unknown,False
Daredevil,Sabertooth,9.0,4.0,0.0,5.0,overstable,fairway driver,False
Hyzer Bomb,Sabot,11.0,4.0,0.0,4.0,overstable,distance driver,False
Gateway,Sabre,7.0,6.0,-1.0,1.0,neutral,fairway driver,False
Clash Discs,Sage,12.0,6.0,-1.0,3.0,overstable,distance driver,False
XCom,Sagittarrius,13.0,5.0,0.0,3.0,overstable,distance driver,False
DGA,Sail,11.0,5.0,-5.0,1.0,understable,distance driver,False
Latitude 64,Saint,9.0,7.0,-1.0,2.0,neutral,fairway driver,False
Latitude 64,Saint Pro,8.0,5.0,-0.5,2.0,overstable,fairway driver,False
Mint Discs,Salamander,6.0,6.0,-2.0,1.0,neutral,mid_range,False
Clash Discs,Salt,12.0,5.0,-1.0,3.0,overstable,distance driver,False
Discount Disc Golf,Same Same,,,,,unknown,unknown,False
Westside,Sampo,10.0,4.0,-1.0,2.0,neutral,fairway driver,False
Goliath Discs,Samson,5.0,3.0,0.0,3.5,overstable,mid_range,False
Gateway,Samurai,13.0,5.0,-1.0,1.0,neutral,distance driver,False
Osuma Disc,Santa,2.0,4.0,0.0,1.0,neutral,putt and approach,False
Latitude 64,Sapphire,10.0,6.0,-2.0,1.5,neutral,fairway driver,False
Latitude 64,Sarek,2.0,4.0,0.0,1.5,overstable,putt and approach,True
Daredevil,Sasquatch,13.0,5.0,-5.0,1.0,understable,distance driver,False
Galaxy Disc Golf,Satellite,,,,,unknown,unknown,True
Pacific Cycle,Saturn Mid Range,,,,,unknown,unknown,True
Gateway,Savage,,,,,unknown,unknown,False
Innova,Savant,9.0,5.0,-1.0,2.0,neutral,fairway driver,False
Latitude 64,Savior,4.0,4.0,0.0,3.0,overstable,putt and approach,False
Reptilian Disc Golf,Scale,2.0,1.0,0.0,3.0,overstable,putt and approach,False
Infinite Discs,Scarab,2.0,4.0,0.0,1.0,neutral,putt and approach,False
Doomsday Discs,Scavenger,5.0,5.0,-2.0,1.0,neutral,mid_range,False
Infinite Discs,Scepter,9.0,4.0,0.0,4.0,overstable,fairway driver,False
XCom,Sco,12.0,5.0,-3.0,2.0,neutral,distance driver,False
Doomsday Discs,Scope,4.0,4.0,0.0,2.0,overstable,putt and approach,False
Discraft,Scorch,11.0,6.0,-2.0,2.0,neutral,distance driver,False
Quest Applied Technologies,Scorcher,,,,,unknown,unknown,True
XCom,Scorpio X,,,,,unknown,unknown,False
Innova,Scorpion,5.0,5.0,-1.0,2.0,neutral,mid_range,True
Millennium,Scorpius,12.0,5.0,-1.0,3.0,overstable,distance driver,False
Gateway,Scout,6.0,5.0,-1.0,2.0,neutral,mid_range,True
Quest Applied Technologies,Scream,,,,,unknown,unknown,True
Quest Applied Technologies,Scream DT,,,,,unknown,unknown,True
Quest Applied Technologies,Scream DT Max,,,,,unknown,unknown,True
Quest Applied Technologies,Scream DT Ultra,,,,,unknown,unknown,True
Quest Applied Technologies,Scream DT Ultra 2,,,,,unknown,unknown,True
Quest Applied Technologies,Scream II,,,,,unknown,unknown,True
Elevation Disc Golf,Screech,4.0,2.0,0.0,4.0,overstable,putt and approach,False
XCom,Scutum,2.0,3.0,0.0,1.0,neutral,putt and approach,False
Latitude 64,Scythe,12.0,3.0,0.0,4.0,overstable,distance driver,False
Wild Discs,Sea Otter,2.0,3.0,0.0,2.0,overstable,putt and approach,True
Ocean Discs,Sea Turtle - Base Plastic,5.0,5.0,-1.0,1.0,neutral,mid_range,False
Ocean Discs,Sea Turtle - Premium Plastic,5.0,5.0,0.0,1.0,neutral,mid_range,False
ABC Discs,Secret Weapon,10.0,5.0,-3.0,2.0,neutral,fairway driver,True
Finish Line Discs,Sector,5.0,4.0,0.0,1.0,neutral,mid_range,False
Sacred Discs,Seed,2.0,4.0,0.0,1.0,neutral,putt and approach,False
Independent Discs,Seeker,5.0,5.0,0.0,1.0,neutral,mid_range,False
Westside,Seer,7.0,5.0,-2.0,1.0,neutral,fairway driver,False
Lone Star Disc,Seguin,13.0,5.0,0.0,3.0,overstable,distance driver,False
Independent Discs,Sense,3.0,3.0,0.0,1.0,neutral,putt and approach,False
Discmania,Sensei,3.0,3.0,0.0,1.0,neutral,putt and approach,True
Millennium,Sentinel MF,5.0,4.0,0.0,4.0,overstable,mid_range,False
Deuz Disc Golf,Sequence,5.0,5.0,-1.0,2.0,neutral,mid_range,False
Above Ground Level,Sequoia,12.0,5.0,-1.0,3.0,overstable,distance driver,False
Albatross Disc Golf,Serene Sky,5.0,6.0,-2.0,1.0,neutral,mid_range,False
Dynamic Discs,Sergeant,11.0,4.0,0.0,2.5,overstable,distance driver,False
XCom,Serpens,,,,,unknown,unknown,False
Reptilian Disc Golf,Serpent,2.0,2.0,0.0,0.0,neutral,putt and approach,False
MVP,Servo,6.5,5.0,-1.0,2.0,neutral,fairway driver,False
Discraft,Shadow,,,,,unknown,unknown,True
Qingdao Hippo Sport Products,Shadow Slicer,7.0,6.0,-0.5,1.0,neutral,fairway driver,False
DiscPro,Shadow Walker,,,,,unknown,unknown,False
Prodigy,Shadowfax,9.0,5.0,-2.0,1.5,neutral,fairway driver,False
Crosslap,Shadowplay,3.0,3.0,-2.0,0.5,understable,putt and approach,False
Gateway,Shaman,3.0,3.0,-1.0,0.5,neutral,putt and approach,False
Obsidian Discs,Shard,7.0,5.0,-1.5,1.0,neutral,fairway driver,False
Innova,Shark,4.0,4.0,0.0,2.0,overstable,putt and approach,False
Innova,Shark3,5.0,4.0,0.0,2.0,overstable,mid_range,True
Aerobie,Sharpshooter 1,,,,,unknown,unknown,True
Aerobie,Sharpshooter 2,,,,,unknown,unknown,True
Aerobie,Sharpshooter 3,,,,,unknown,unknown,True
Yikun,She Gong,13.0,5.0,0.0,2.0,overstable,distance driver,False
Goliath Discs,Shepherd,10.0,5.0,-1.0,2.0,neutral,fairway driver,False
Dynamic Discs,Sheriff,13.0,5.0,-1.0,2.0,neutral,distance driver,False
Westside,Shield,3.0,3.0,0.0,1.0,neutral,putt and approach,False
Streamline,Shift,9.0,5.0,-3.0,1.0,understable,fairway driver,False
MVP,Shock,8.0,5.0,0.0,2.5,overstable,fairway driver,True
DGA,Shockwave,4.0,2.0,0.0,3.0,overstable,putt and approach,True
Discmania,Shogun,2.0,4.0,0.0,2.0,overstable,putt and approach,True
Galaxy Disc Golf,Shooting Star,7.0,5.0,-2.0,1.0,neutral,fairway driver,True
3C Discs,ShoreBreak,3.0,3.0,0.0,3.0,overstable,putt and approach,False
Guru Disc Golf,Short Slacker,11.0,5.0,-1.0,2.0,neutral,distance driver,False
Full Turn,Shortcut,4.0,1.0,1.0,4.0,overstable,putt and approach,False
Black Zombie Disc Golf,Shotgun,5.0,5.0,0.0,2.0,overstable,mid_range,False
Innova,Shryke,13.0,6.0,-2.0,2.0,neutral,distance driver,False
Yikun,Shu,4.0,5.0,-2.0,1.0,neutral,putt and approach,False
Ire Gear,Shut The Putt Up,3.0,3.0,-2.0,0.0,understable,putt and approach,False
Innova,Sidewinder,9.0,5.0,-3.0,1.0,understable,fairway driver,False
MVP,Signal,6.0,5.0,-3.0,1.0,understable,mid_range,False
Guru Disc Golf,Silent Cruiser,5.0,5.0,0.0,2.5,overstable,mid_range,False
Albatross Disc Golf,Silent Forest,3.0,3.0,-2.0,1.0,neutral,putt and approach,False
Loft Discs,Silicon,5.0,4.0,0.0,3.0,overstable,mid_range,False
Gorilla Disc Golf,Silverback,12.0,4.5,-1.0,3.0,overstable,distance driver,False
Axiom,Simon Line Balance,5.0,5.0,0.0,2.0,overstable,mid_range,False
Andromeda M31 Discs,Singularity,2.0,3.0,-1.0,0.0,neutral,putt and approach,False
Latitude 64,Sinus,2.0,2.0,0.0,2.0,overstable,putt and approach,False
Gateway,Siren,13.0,5.0,-2.0,1.0,neutral,distance driver,True
Millennium,Sirius Helio Vela,7.0,4.0,-0.5,3.0,overstable,fairway driver,False
Windward Discs,Sirocco,5.0,5.0,-1.0,1.0,neutral,mid_range,True
Guru Disc Golf,Skare,8.0,5.0,-2.0,1.0,neutral,fairway driver,False
Innova,Skeeter,5.0,5.0,-1.0,1.0,neutral,mid_range,False
Nordisc,Skeggox,5.0,5.0,0.0,2.5,overstable,mid_range,False
Remix Disc Golf,Skirmisher,9.0,5.0,-2.5,1.5,neutral,fairway driver,False
Goto Disc Golf,Skool,2.0,3.0,0.0,1.0,neutral,putt and approach,False
Discraft,Sky Pro,,,,,unknown,unknown,True
Discraft,Sky Streak,,,,,unknown,unknown,True
Discraft,Sky-Star,,,,,unknown,unknown,True
Discraft,Sky-Styler,,,,,unknown,unknown,True
Disctroyer,Skylark,5.0,4.0,0.0,2.0,overstable,mid_range,False
Discape Disc Golf,Skyterron,5.0,4.0,0.0,2.0,overstable,mid_range,False
Climo Disc Golf,Skyway,11.0,4.0,-1.0,3.0,overstable,distance driver,False
Innova,SL,10.0,5.0,-1.0,2.0,neutral,fairway driver,True
Infinite Discs,Slab,12.0,3.0,0.0,4.0,overstable,distance driver,False
Prodiscus,Slaidi,12.0,5.0,0.0,3.0,overstable,distance driver,False
Dynamic Discs,Slammer,3.0,2.0,0.0,3.0,overstable,putt and approach,False
Gateway,Slayer,13.0,5.0,-1.0,2.0,neutral,distance driver,True
Discraft,Sled,3.0,2.0,-1.0,2.0,neutral,putt and approach,False
Guru Disc Golf,Sleipner,10.0,4.0,-1.0,2.0,neutral,fairway driver,False
Momentum Discs,Slim,2.0,4.0,-3.0,0.0,understable,putt and approach,False
Westside,Sling,5.0,5.0,0.0,1.0,neutral,mid_range,False
Goliath Discs,Slingshot,13.0,5.0,-2.0,2.0,neutral,distance driver,False
Discraft,Slipstream GT,,,,,unknown,unknown,True
Dynamic Discs,Sockibomb Felon,9.0,4.0,0.5,4.0,overstable,fairway driver,False
Dynamic Discs,Sockibomb Slammer,3.0,1.0,0.5,4.0,overstable,putt and approach,False
Clash Discs,Soda,7.0,5.0,-2.0,2.0,neutral,fairway driver,False
Discraft,Soft Magnet,2.0,3.0,-1.0,2.0,neutral,putt and approach,True
Discraft,Sol,4.0,5.0,-3.0,0.0,understable,putt and approach,False
Vibram,Solace,13.0,4.0,0.0,4.0,overstable,distance driver,True
Doomsday Discs,Solar Death Ray,8.0,5.0,-1.0,1.0,neutral,fairway driver,False
Orbital Discs,Solar Eclipse,5.0,5.0,-1.0,1.0,neutral,mid_range,True
Essential Discs,Solara,12.0,5.0,-1.0,3.0,overstable,distance driver,False
Vibram,Sole,2.0,3.0,0.0,2.0,overstable,putt and approach,True
Millennium,Solstice,5.0,4.0,0.0,3.0,overstable,mid_range,False
Chumba,Sombra,2.0,4.0,-1.0,0.0,neutral,putt and approach,False
DGA,Sonar,3.0,4.0,0.0,2.0,overstable,putt and approach,False
Innova,Sonic,1.0,2.0,-4.0,0.0,understable,putt and approach,False
Westside,Sorcerer,13.0,5.0,-0.5,3.0,overstable,distance driver,False
Independent Discs,Soul,,,,,unknown,unknown,False
Latitude 64,Spark,7.0,4.0,-0.5,3.0,overstable,fairway driver,True
Disctroyer,Sparrow,3.0,3.0,0.0,2.0,overstable,putt and approach,False
Prodiscus,Sparta,2.0,4.0,0.0,1.0,neutral,putt and approach,False
Remix Disc Golf,Spartan,9.0,6.0,-2.0,1.0,neutral,fairway driver,False
Gateway,Spear,9.0,6.0,-1.0,1.0,neutral,fairway driver,False
Discraft,Spectra,12.0,5.0,-2.0,2.0,neutral,distance driver,True
Gateway,Speed Demon,11.0,4.0,-0.5,3.0,overstable,distance driver,True
Gateway,Spell,12.0,5.0,0.0,3.0,overstable,distance driver,False
Infinite Discs,Sphinx,9.0,6.0,-3.0,1.0,understable,fairway driver,False
Clash Discs,Spice,10.0,4.0,0.0,4.0,overstable,fairway driver,False
Innova,Spider,5.0,3.0,0.0,1.0,neutral,mid_range,True
Gorilla Disc Golf,Spider Monkey,6.5,5.0,-3.0,1.0,understable,fairway driver,False
Latitude 64,Spike,4.0,3.0,-1.0,1.0,neutral,putt and approach,False
MVP,Spin,2.5,4.0,-2.0,0.0,understable,putt and approach,False
ProtoFlyte,Spindle,,,,,unknown,unknown,False
Dino Discs,Spinosaurus,12.0,5.0,0.0,2.0,overstable,distance driver,False
Pie Pan Discs,Spire,12.0,5.0,-1.0,2.0,neutral,distance driver,False
Gateway,Spirit,11.0,4.0,0.0,4.0,overstable,distance driver,False
Neptune Discs,Splash,3.0,3.0,0.0,1.0,neutral,putt and approach,False
Discmania,Splice,9.0,3.0,0.0,4.0,overstable,fairway driver,True
Obsidian Discs,Splinter,3.0,2.0,0.0,3.5,overstable,putt and approach,False
Discmania,Spore,1.0,7.0,0.0,1.0,neutral,putt and approach,True
Above Ground Level,Spruce,5.0,4.0,-1.0,2.0,neutral,mid_range,False
Lone Star Disc,Spur,9.0,4.0,0.0,3.0,overstable,fairway driver,False
Sci-Fly Discs,sPUTTnik,2.25,3.14,-0.25,1.0,neutral,putt and approach,False
Northstar Discs,Spy,4.0,3.0,0.0,3.0,overstable,putt and approach,False
Latitude 64,SPZ1 Zombie,3.0,3.0,-2.0,1.0,neutral,putt and approach,False
Latitude 64,SPZ2 Pirate,5.0,6.0,-2.0,0.0,understable,mid_range,False
Latitude 64,SPZ3 Superhero,9.0,6.0,-2.0,2.0,neutral,fairway driver,False
DGA,Squall,6.0,4.0,-1.0,1.0,neutral,mid_range,False
Neptune Discs,Squid,11.0,5.0,-1.0,2.0,neutral,distance driver,False
Streamline,Stabilizer,3.0,3.5,0.0,3.0,overstable,putt and approach,False
Westside,Stag,8.0,6.0,-1.0,2.0,neutral,fairway driver,False
Kastaplast,Stal,9.0,4.0,0.0,3.0,overstable,fairway driver,False
Discraft,Stalker,7.0,5.0,-1.0,2.0,neutral,fairway driver,False
X-UFO,Star Bat,7.0,5.0,-1.0,1.0,neutral,fairway driver,False
X-UFO,Star Bear,6.0,5.0,-2.0,1.0,neutral,mid_range,False
X-UFO,Star Bird,10.0,5.0,-1.0,2.0,neutral,fairway driver,False
X-UFO,Star Bison,5.0,4.0,0.0,3.0,overstable,mid_range,False
X-UFO,Star Bucks,9.0,5.0,0.0,1.0,neutral,fairway driver,False
X-UFO,Star Craft,9.0,5.0,-2.0,1.0,neutral,fairway driver,False
X-UFO,Star Death,13.0,5.0,0.0,3.0,overstable,distance driver,False
X-UFO,Star Demon,2.0,3.0,0.0,1.0,neutral,putt and approach,False
X-UFO,Star Dorado,7.0,5.0,0.0,2.0,overstable,fairway driver,False
X-UFO,Star Glide,10.0,5.0,-2.0,2.0,neutral,fairway driver,False
X-UFO,Star Hawk,12.0,5.0,-1.0,3.0,overstable,distance driver,False
X-UFO,Star Ship,8.0,5.0,-1.0,1.0,neutral,fairway driver,False
X-UFO,Star Trek,10.0,5.0,0.0,2.0,overstable,fairway driver,False
X-UFO,Star Zone,4.0,3.0,0.0,3.0,overstable,putt and approach,False
Innova,Starfire,10.0,4.0,0.0,3.0,overstable,fairway driver,False
Prodiscus,STARi,5.0,4.0,-2.0,1.0,neutral,mid_range,False
Disctroyer,Starling,13.0,5.0,-2.0,2.0,neutral,distance driver,False
Sacred Discs,Starship,13.0,6.0,-1.0,2.0,neutral,distance driver,False
MVP,Stasis,2.0,1.0,0.0,2.5,overstable,putt and approach,False
HIAARO,Statue of Liberty,5.0,5.0,0.0,1.0,neutral,mid_range,False
DGA,Steady,2.0,3.0,0.0,2.0,overstable,putt and approach,False
DGA,Steady BL,2.0,3.0,0.0,2.0,overstable,putt and approach,False
Momentum Discs,Steam,,,,,unknown,unknown,False
Reptilian Disc Golf,Stego,3.0,1.0,1.0,4.0,overstable,putt and approach,False
Dino Discs,Stegosaurus,5.0,5.0,-4.0,2.0,understable,mid_range,True
Supersonic Discs,Stellar,12.0,5.0,-1.0,3.0,overstable,distance driver,False
Kastaplast,Sten,1.0,1.0,0.0,2.0,overstable,putt and approach,False
Kastaplast,Stig,6.0,5.0,-2.0,1.0,neutral,mid_range,False
Latitude 64,Stiletto,13.0,3.0,0.5,5.0,overstable,distance driver,False
Discraft,Sting,7.0,5.0,-2.0,1.0,neutral,fairway driver,False
Hero Disc,Stinger,4.0,3.0,0.0,2.0,overstable,putt and approach,False
Innova,Stingray,4.0,5.0,-3.0,1.0,understable,putt and approach,False
Gram Discs,Stockholm,7.0,5.0,-1.0,2.0,neutral,fairway driver,False
Disctroyer,Stork,8.0,5.0,0.0,1.0,neutral,fairway driver,False
Discraft,Storm,,,,,unknown,unknown,True
Meridian Discs,Strait,5.0,5.0,-1.0,1.0,neutral,mid_range,False
Eurodisc,Strategy,10.0,6.0,-2.0,1.5,neutral,fairway driver,False
Wing It Disc Golf,Stratosphere,9.0,4.0,-2.0,1.0,neutral,fairway driver,False
Discraft,Stratus,5.0,4.0,-4.0,1.0,understable,mid_range,False
Climo Disc Golf,Streak,7.0,5.0,0.0,1.0,neutral,fairway driver,False
Birdie,Strike,7.0,5.0,0.0,2.0,overstable,fairway driver,False
Latitude 64,Striker,8.0,5.0,0.0,2.0,overstable,fairway driver,False
Latitude 64,Strive,13.0,5.0,-1.0,3.0,overstable,distance driver,False
Prodigy,Stryder,6.0,4.0,0.0,3.0,overstable,mid_range,False
Innova,Stud,3.0,3.0,0.0,2.0,overstable,putt and approach,False
Kestrel Outdoors,SubZero,5.0,5.0,0.0,2.5,overstable,mid_range,False
Supersonic Discs,Sugar Glider,11.0,6.0,-1.0,1.0,neutral,distance driver,False
Infinite Discs,Sultan,12.0,5.0,-2.0,2.0,neutral,distance driver,False
Vibram,Summit,2.0,3.0,-1.0,0.0,neutral,putt and approach,True
Albatross Disc Golf,Summit Crest,5.0,5.0,-1.0,1.0,neutral,mid_range,False
Legacy Discs,Sumo,4.0,2.0,0.0,4.0,overstable,putt and approach,False
Lone Star Disc,Super Dillo,1.0,4.0,-3.0,1.0,understable,putt and approach,False
Innova,Super Nova,,,,,unknown,unknown,False
DestinyDynamic Disc,Super Puppy,,,,,unknown,unknown,True
Guru Disc Golf,Super Soft Golf Disc,,,,,unknown,unknown,False
Innova,Super Stingray,4.0,5.0,-1.0,1.0,neutral,putt and approach,True
Finish Line Discs,Supra,5.0,5.0,0.0,1.0,neutral,mid_range,False
Dynamic Discs,Supreme EMAC Truth,5.0,5.0,0.0,3.0,overstable,mid_range,False
Dynamic Discs,Supreme Escape,9.0,5.0,-1.0,2.0,neutral,fairway driver,False
Dynamic Discs,Supreme Fugitive,5.0,3.0,0.0,4.0,overstable,mid_range,False
Dynamic Discs,Supreme Judge,2.0,4.0,0.0,1.0,neutral,putt and approach,False
Dynamic Discs,Supreme Raider,13.0,5.0,-0.5,3.0,overstable,distance driver,False
Dynamic Discs,Supreme Trespass,12.0,5.0,-0.5,2.0,overstable,distance driver,False
DGA,Surf,3.0,4.0,-1.0,1.0,neutral,putt and approach,False
Discraft,Surge,11.0,5.0,-1.0,3.0,overstable,distance driver,False
Discraft,Surge SS,11.0,5.0,-2.0,2.0,neutral,distance driver,False
Dynamic Discs,Suspect,4.0,3.0,0.0,3.0,overstable,putt and approach,True
Salient,Suture,9.0,5.0,-2.0,1.0,neutral,fairway driver,True
Kastaplast,Svea,5.0,6.0,-1.0,0.0,neutral,mid_range,False
Westside,Swan,3.0,3.0,-1.0,0.0,neutral,putt and approach,False
Westside,Swan 1 Reborn,3.0,3.0,-2.5,0.0,understable,putt and approach,False
Discraft,Swarm,5.0,3.0,0.0,4.0,overstable,mid_range,False
Latitude 64,Sweep,9.0,6.0,-0.5,2.0,overstable,fairway driver,False
3C Discs,Swell,3.0,3.0,0.0,0.0,neutral,putt and approach,False
AquaFlight Discs,Swift,9.0,5.0,-3.0,1.0,understable,fairway driver,True
Daredevil,Swift Fox,9.0,5.0,-3.0,1.0,understable,fairway driver,False
Tornado Throw,Swinhoe Pheasant,10.0,5.0,-1.0,3.0,overstable,fairway driver,True
Disc 4 Fun,Swisch,3.0,3.0,0.0,2.0,overstable,putt and approach,False
MVP,Switch,6.5,5.0,-1.5,1.0,neutral,fairway driver,True
Westside,Sword,12.0,5.0,-0.5,2.0,overstable,distance driver,False
Above Ground Level,Sycamore,7.0,5.0,-1.0,1.0,neutral,fairway driver,False
Thought Space Athletics,Synapse,12.0,5.0,-1.5,3.0,overstable,distance driver,False
Quest Applied Technologies,T-Bone,,,,,unknown,unknown,True
Millennium,Tachyon LF,,,,,unknown,unknown,False
Millennium,Tachyon LS,,,,,unknown,unknown,False
Mint Discs,Taco,5.0,5.0,0.0,2.0,overstable,mid_range,False
Discmania,Tactic,4.0,2.0,0.0,3.0,overstable,putt and approach,True
Rogue Iron,Taiga,8.0,5.0,-1.0,1.5,neutral,fairway driver,False
Discmania,Tailor,4.0,4.0,0.0,1.0,neutral,putt and approach,True
Fourth Circle Discs,Taipan,13.0,5.0,0.0,3.0,overstable,distance driver,True
RPM Discs,Takapu,2.0,3.0,0.0,2.0,overstable,putt and approach,False
Prodiscus,Talisman,9.0,4.0,0.0,2.0,overstable,fairway driver,False
Gram Discs,Tallinn,2.0,3.0,0.0,1.0,neutral,putt and approach,False
Discraft,Talon,8.0,3.0,1.0,3.0,overstable,fairway driver,True
MVP,Tangent,4.0,4.0,-0.5,0.5,neutral,putt and approach,True
RPM Discs,Taniwha,7.0,6.0,-3.0,0.0,understable,fairway driver,False
Hyzer Bomb,Tank,2.0,1.0,0.0,2.0,overstable,putt and approach,False
Hyzer Bomb,Tank-Panzer,2.0,2.0,0.0,3.0,overstable,putt and approach,False
Axiom,Tantrum,14.5,5.0,-1.5,3.0,overstable,distance driver,False
RPM Discs,Tara Iti,10.0,5.0,0.0,2.0,overstable,fairway driver,False
Taito Frisbeegolf,Tarkka,2.0,4.0,0.0,1.0,neutral,putt and approach,False
Taito Frisbeegolf,Tasma,9.0,4.0,-1.0,1.0,neutral,fairway driver,False
Wild Discs,Tasmanian Devil,9.0,4.0,0.0,2.5,overstable,fairway driver,True
Wild Discs,Tasmanian Devil V2,9.0,4.0,0.0,4.0,overstable,fairway driver,True
Kliffa Discs,Tasty,,,,,unknown,unknown,False
XCom,Tau,3.0,3.0,0.0,0.0,neutral,putt and approach,False
Millennium,Taurus,4.0,4.0,0.0,4.0,overstable,putt and approach,False
Discmania,TD,10.0,5.0,-2.0,1.0,neutral,fairway driver,False
Discmania,TD2,10.0,5.0,-4.0,1.0,understable,fairway driver,True
Discmania,TDx,9.0,5.0,-3.0,1.0,understable,fairway driver,True
Innova,TeeBird,7.0,5.0,0.0,2.0,overstable,fairway driver,False
Innova,TeeBird +,7.0,5.0,0.0,2.0,overstable,fairway driver,True
Innova,TeeBird3,8.0,4.0,0.0,2.0,overstable,fairway driver,False
Innova,TeeDevil,12.0,5.0,-1.0,2.0,neutral,distance driver,False
Innova,TeeRex,11.0,4.0,0.0,4.0,overstable,distance driver,True
MVP,Teleport,14.5,5.0,-1.5,2.5,neutral,distance driver,False
EV-7,Telos,2.0,4.0,0.0,1.5,overstable,putt and approach,False
RPM Discs,TeMoko,3.0,4.0,0.0,0.0,neutral,putt and approach,False
Forge Discs,Temper,7.0,4.0,-1.0,2.0,neutral,fairway driver,False
DGA,Tempest,13.0,5.0,-3.0,2.0,neutral,distance driver,False
Thought Space Athletics,Temple,4.0,3.0,0.0,3.0,overstable,putt and approach,False
Axiom,Tempo,4.0,4.0,0.0,2.5,overstable,putt and approach,False
Axiom,Tenacity,13.0,5.0,-2.5,2.0,neutral,distance driver,False
MVP,Tensor,4.0,4.0,0.0,2.5,overstable,putt and approach,True
Discraft,Terminator,,,,,unknown,unknown,False
Innova,Tern,12.0,6.0,-3.0,2.0,neutral,distance driver,False
MVP,Terra,8.0,5.0,0.0,3.0,overstable,fairway driver,False
Paradigm Disc Golf,Terrapin,,,,,unknown,unknown,True
MVP,Tesla,9.0,5.0,-1.0,2.0,neutral,fairway driver,False
True Par Disc Golf,Tetelestai,3.0,3.0,0.0,1.0,neutral,putt and approach,False
Lone Star Disc,Texas Ranger,5.0,5.0,-1.0,1.0,neutral,mid_range,False
Disc Golf UK,The Baron,4.0,3.0,0.0,2.5,overstable,putt and approach,False
Gorilla Disc Golf,The Chimp,3.0,3.0,0.0,1.0,neutral,putt and approach,False
Disc Golf UK,The Count,8.0,4.0,-1.0,2.0,neutral,fairway driver,False
Lone Star Disc,The Dome,8.0,6.0,-3.0,1.0,understable,fairway driver,False
Disc Golf UK,The Duchess,5.5,5.0,-1.0,2.0,neutral,mid_range,False
Disc Golf UK,The Duke,5.5,4.0,0.0,3.5,overstable,mid_range,False
Lone Star Disc,The Rig,6.0,6.0,-2.0,2.0,neutral,mid_range,False
Lone Star Disc,The Tex,6.0,5.0,-3.0,1.0,understable,mid_range,False
Alfa Discs,Theios,2.0,4.0,0.0,2.0,overstable,putt and approach,False
SaddleBack Discs,Theodore,,,,,unknown,unknown,False
Axiom,Theory,4.0,4.0,-1.5,1.0,neutral,putt and approach,True
Dynamic Discs,Thief,8.0,5.0,-1.5,2.0,neutral,fairway driver,True
Guru Disc Golf,Thor,4.0,4.0,0.0,2.0,overstable,putt and approach,False
Discraft,Thrasher,12.0,5.0,-3.0,2.0,neutral,distance driver,False
Hooligan Discs,Thread,9.0,5.0,-1.0,1.0,neutral,fairway driver,False
Axiom,Thrill,11.0,4.0,0.0,3.5,overstable,distance driver,True
Viking Discs,Thunder God Thor,14.0,5.0,0.0,2.0,overstable,distance driver,False
Native Discs,Thunder Heloha,5.0,4.0,-1.0,1.0,neutral,mid_range,False
Innova,Thunderbird,9.0,5.0,0.0,2.0,overstable,fairway driver,False
Yikun,Tian Shi,4.0,3.0,0.0,3.0,overstable,putt and approach,False
Westside,Tide,12.0,6.0,-0.5,3.0,overstable,distance driver,False
Paradigm Disc Golf,Tiger,,,,,unknown,unknown,True
AstroDisc,Tiki,9.0,5.0,-4.0,1.0,understable,fairway driver,False
Discmania,Tilt,9.0,1.0,1.0,6.0,overstable,fairway driver,True
Daredevil,Timberwolf,9.0,6.0,-1.0,0.0,neutral,fairway driver,False
Axiom,Time Lapse,12.0,5.0,-1.0,2.0,neutral,distance driver,False
Prodiscus,Titan,8.0,3.0,0.0,2.0,overstable,fairway driver,False
DGA,Titanic,2.0,2.0,0.0,2.0,overstable,putt and approach,True
Loft Discs,Titanium,7.0,5.0,-2.0,1.0,neutral,fairway driver,False
Divergent Discs,Tiyanak,8.0,5.0,-5.0,1.0,understable,fairway driver,False
Innova,TL,7.0,5.0,-1.0,1.0,neutral,fairway driver,False
Innova,TL3,8.0,4.0,-1.0,1.0,neutral,fairway driver,False
Yikun,Tomahawk,5.0,6.0,0.0,0.0,neutral,mid_range,False
Infinite Discs,Tomb,3.0,4.0,0.0,1.0,neutral,putt and approach,False
Lone Star Disc,Tombstone,13.0,4.0,0.0,4.0,overstable,distance driver,False
Clash Discs,Tone Cookie,7.0,5.0,0.0,2.0,overstable,fairway driver,False
Clash Discs,Tone Guava,5.0,5.0,0.0,2.0,overstable,mid_range,False
Clash Discs,Tone Popcorn,3.0,3.0,0.0,1.0,neutral,putt and approach,False
Clash Discs,Tone Salt,12.0,5.0,-1.0,3.0,overstable,distance driver,False
Clash Discs,Tone Soda,7.0,5.0,-2.0,2.0,neutral,fairway driver,False
Torch Discs,Torch,,,,,unknown,unknown,False
Native Discs,Tornado Mahli Chito,9.0,6.0,-3.0,1.0,understable,fairway driver,False
Innova,Toro,4.0,2.0,1.0,3.0,overstable,putt and approach,False
Remix Disc Golf,Torpedo,5.0,5.0,0.0,1.0,neutral,mid_range,False
Finish Line Discs,Torque,8.0,4.0,0.0,2.5,overstable,fairway driver,False
DGA,Torrent,14.0,5.0,-1.0,2.0,neutral,distance driver,False
TOSY,TOSY Smart S10,,,,,unknown,unknown,False
TOSY,TOSY Smart S12,,,,,unknown,unknown,False
TOSY,TOSY Smart S3,,,,,unknown,unknown,False
TOSY,TOSY Smart S7,,,,,unknown,unknown,False
TOSY,TOSY UltraLED S10,,,,,unknown,unknown,False
TOSY,TOSY UltraLED S12,,,,,unknown,unknown,False
TOSY,TOSY UltraLED S3,,,,,unknown,unknown,False
TOSY,TOSY UltraLED S7,,,,,unknown,unknown,False
Prodiscus,Totem,12.0,5.0,0.0,3.0,overstable,distance driver,False
Salient,Touch,2.0,3.0,0.0,1.0,neutral,putt and approach,True
Streamline,Trace,11.0,5.0,-1.0,2.0,neutral,distance driver,False
Discraft,Tracer,,,,,unknown,unknown,True
Discraft,Tracker,8.0,5.0,-1.0,3.0,overstable,fairway driver,True
MVP,Trail,10.0,5.0,-1.0,1.0,neutral,fairway driver,False
Supersonic Discs,Trailblazer,7.0,4.0,0.0,4.0,overstable,fairway driver,False
Fly High Discs,Train Wreck,13.0,5.0,-2.0,2.0,neutral,distance driver,True
Vibram,Trak,7.0,4.0,-1.0,2.0,neutral,fairway driver,True
Axiom,Trance,8.0,5.0,-2.0,1.0,neutral,fairway driver,False
Discwing,Transcend,,,,,unknown,unknown,True
Eurodisc,Transition,5.0,5.0,0.0,1.0,neutral,mid_range,False
Eurodisc,Transition Organic,5.0,5.0,0.0,1.0,neutral,mid_range,False
Eurodisc,Transporter,7.0,6.0,-2.0,1.0,neutral,fairway driver,False
Eurodisc,Transporter Organic,7.0,6.0,-2.0,1.0,neutral,fairway driver,False
Full Turn,Traveler,9.0,4.0,0.0,2.0,overstable,fairway driver,False
Dynamic Discs,Treason,10.0,5.0,-3.0,1.0,understable,fairway driver,False
Lucky Discs,Treasure Hunt,12.0,6.0,-1.0,3.0,overstable,distance driver,False
Vibram,Trek,,,,,unknown,unknown,True
DGA,Tremor,6.0,5.0,-4.0,1.0,understable,mid_range,False
Meridian Discs,Trench,4.0,3.0,0.0,4.0,overstable,putt and approach,False
Dynamic Discs,Trespass,12.0,5.0,-0.5,3.0,overstable,distance driver,False
Dino Discs,Triceratops,3.0,3.0,-3.0,1.0,understable,putt and approach,True
Native Discs,Trickster Chukfi,2.0,5.0,0.0,1.0,neutral,putt and approach,False
Latitude 64,Trident,6.0,4.0,-0.5,3.0,overstable,mid_range,True
Lone Star Disc,Trinity,7.0,5.0,0.0,2.0,overstable,fairway driver,False
Albatross Disc Golf,Trireme,3.0,3.0,0.0,2.0,overstable,putt and approach,False
Prodiscus,Troija,5.0,2.0,0.0,5.0,overstable,mid_range,False
Remix Disc Golf,Troll,7.5,4.5,0.0,2.0,overstable,fairway driver,False
Latitude 64,Trust,5.0,5.0,0.0,2.0,overstable,mid_range,False
Dynamic Discs,Truth,5.0,5.0,-1.0,1.0,neutral,mid_range,False
DGA,Tsunami,9.0,3.0,0.0,4.0,overstable,fairway driver,False
Kastaplast,Tuff,3.0,4.0,0.0,2.0,overstable,putt and approach,False
RPM Discs,Tui,3.0,4.0,-1.0,0.0,neutral,putt and approach,False
Lone Star Disc,Tumbleweed,10.0,6.0,-3.0,1.0,understable,fairway driver,False
Meridian Discs,Tundra,2.0,4.0,0.0,1.0,neutral,putt and approach,False
Compound Discs,Tunnel Shot,2.0,4.0,-1.0,1.0,neutral,putt and approach,False
Exel Discs,Tuohi,4.0,4.0,0.0,3.0,overstable,putt and approach,False
Streamline,Turbulence,7.0,2.0,0.0,3.5,overstable,fairway driver,False
Westside,Tursas,5.0,5.0,-2.0,1.0,neutral,mid_range,False
Yikun,Twin Swords,12.0,5.0,-1.0,2.0,neutral,distance driver,False
Taito Frisbeegolf,Tykki,12.0,4.0,0.0,4.0,overstable,distance driver,False
Discraft,Typhoon,,,,,unknown,unknown,True
DGA,Typhoon DGA202408,12.0,6.0,-2.0,2.0,neutral,distance driver,False
Dino Discs,Tyrannosaurus Rex,14.0,5.0,-3.0,2.0,neutral,distance driver,False
Reptilian Disc Golf,Tyrant,7.0,3.0,0.0,2.5,overstable,fairway driver,False
Nordisc,Tyrfing,7.0,6.0,-3.0,1.0,understable,fairway driver,False
UB Disc Golf - Hand Candy,UB Lex,2.0,3.0,0.0,1.0,neutral,putt and approach,True
Sportme,uControl,,,,,unknown,unknown,False
Sportme,uDrive,,,,,unknown,unknown,False
Mint Discs,UFO,2.0,3.0,0.0,1.0,neutral,putt and approach,False
Elevation Disc Golf,Uktena,,,,,unknown,unknown,False
Birdie,Ultra,5.0,3.0,0.0,3.0,overstable,mid_range,False
Discraft,Ultra-Star,,,,,unknown,unknown,False
Discraft,UltraLuna,,,,,unknown,unknown,False
Pie Pan Discs,Uncle,14.0,4.0,0.0,3.0,overstable,distance driver,False
Discraft,Undertaker,9.0,5.0,-1.0,2.0,neutral,fairway driver,False
DGA,Undertow,10.0,4.0,-1.0,1.0,neutral,fairway driver,False
Westside,Underworld,7.0,6.0,-3.0,1.0,understable,fairway driver,False
Prodiscus,Unicorn,5.0,4.0,0.0,2.0,overstable,mid_range,False
Vibram,unLace,14.0,6.0,-5.0,1.0,understable,distance driver,True
MVP,Uplink,5.0,5.0,-3.0,0.5,understable,mid_range,False
Lightning Discs,Upshot,1.0,3.0,-2.0,0.0,understable,putt and approach,True
Sportme,uPutt,,,,,unknown,unknown,False
Element Discs,Uranium,4.0,2.0,0.0,2.0,overstable,putt and approach,True
XCom,Ursa Major,12.0,5.0,-2.0,2.0,neutral,distance driver,False
Terminal Velocity Discs,Ursus,5.0,4.0,0.0,3.0,overstable,mid_range,False
HIAARO,US Capitol,3.0,4.0,0.0,1.0,neutral,putt and approach,False
Salient,Vaccine,3.0,3.0,0.0,2.0,overstable,putt and approach,True
Meridian Discs,Vale,9.0,3.0,0.0,4.0,overstable,fairway driver,False
Viking Discs,Valhalla,12.0,5.0,0.0,2.0,overstable,distance driver,False
Orbital Discs,Valhalla Reaper,12.0,4.0,0.0,3.0,overstable,distance driver,True
Innova,Valkyrie,9.0,4.0,-2.0,2.0,neutral,fairway driver,False
Vibram,Valley,7.0,5.0,-1.0,1.0,neutral,fairway driver,True
Legacy Discs,Valor,5.0,5.0,0.0,2.0,overstable,mid_range,False
Vibram,Vamp,7.0,5.0,-2.0,1.0,neutral,fairway driver,True
Dynamic Discs,Vandal,9.0,5.0,-1.5,2.0,neutral,fairway driver,False
Discmania,Vanguard,9.0,5.0,0.0,2.0,overstable,fairway driver,False
Clash Discs,Vanilla,11.0,6.0,-2.0,1.0,neutral,distance driver,False
Axiom,Vanish,11.0,5.0,-3.0,2.0,neutral,distance driver,False
Discwing,Vantage,,,,,unknown,unknown,True
Flight Lab,Vapor,11.0,5.0,-1.0,2.0,neutral,distance driver,False
Taito Frisbeegolf,Varma,5.0,3.0,0.0,1.0,neutral,mid_range,False
Kastaplast,Vass,12.0,5.0,-1.5,2.0,neutral,distance driver,False
Innova,VCobra,5.0,5.0,-1.0,2.0,neutral,mid_range,True
MVP,Vector,5.0,4.0,0.0,2.0,overstable,mid_range,True
Salient,Vein,8.0,4.0,0.0,2.0,overstable,fairway driver,True
Westside,Vellamo,5.0,5.5,0.0,1.5,overstable,mid_range,False
Reptilian Disc Golf,Velociraptor,9.0,4.0,0.0,2.5,overstable,fairway driver,False
Legacy Discs,Vengeance,10.0,5.0,0.0,2.0,overstable,fairway driver,True
Discraft,Venom,13.0,5.0,0.0,3.0,overstable,distance driver,False
Dynamic Discs,Verdict,5.0,4.0,0.0,3.5,overstable,mid_range,False
MVP,Vertex,4.0,4.0,-2.0,0.5,understable,putt and approach,True
Thought Space Athletics,Vessel,4.0,3.0,0.0,3.0,overstable,putt and approach,False
Alfa Discs,Vest,,,,,unknown,unknown,False
Hyzer Bomb,Veteran,7.0,4.0,0.0,3.0,overstable,fairway driver,False
Hooligan Discs,Vibe,11.0,5.0,-2.0,2.0,neutral,distance driver,False
Yikun,View,7.0,6.0,-3.5,1.0,understable,fairway driver,False
Crosslap,Vigil,8.0,6.0,-2.0,2.0,neutral,fairway driver,False
Innova,Viking,9.0,4.0,-1.0,2.0,neutral,fairway driver,False
Latitude 64,Villain,12.0,4.0,0.0,4.0,overstable,distance driver,True
Gram Discs,Vilnius,5.0,6.0,-1.0,0.0,neutral,mid_range,False
Innova,Viper,6.0,4.0,1.0,5.0,overstable,mid_range,False
Orbital Discs,Viperwolf,13.0,5.0,-1.0,3.0,overstable,distance driver,True
XCom,Virgo,4.0,5.0,-1.0,2.0,neutral,putt and approach,False
Axiom,Virus,9.0,5.0,-3.5,1.0,understable,fairway driver,False
Latitude 64,Vision,8.0,6.0,-1.0,2.0,neutral,fairway driver,True
Negative Disc Golf,Void,9.0,4.0,0.0,3.0,overstable,fairway driver,False
XCom,Volans,9.0,5.0,-1.0,2.0,neutral,fairway driver,False
MVP,Volt,8.0,5.0,-0.5,2.0,overstable,fairway driver,False
Gateway,Voodoo,2.0,3.0,0.0,0.0,neutral,putt and approach,False
DGA,Vortex,7.0,6.0,-3.0,1.0,understable,fairway driver,False
Thought Space Athletics,Votum,7.0,5.0,0.0,3.0,overstable,fairway driver,False
Full Turn,Voyage,12.0,5.0,0.0,3.0,overstable,distance driver,False
Vibram,VP,2.0,3.0,0.0,2.0,overstable,putt and approach,True
Innova,VRoc,4.0,4.0,0.0,1.0,neutral,putt and approach,False
Innova,Vulcan,13.0,5.0,-4.0,2.0,understable,distance driver,False
Discraft,Vulture,10.0,5.0,0.0,2.0,overstable,fairway driver,False
Prodigy,Waco,5.0,5.0,0.0,1.0,neutral,mid_range,True
Innova,Wahoo,12.0,6.0,-2.0,2.0,neutral,distance driver,False
Lone Star Disc,Walker,5.0,3.0,0.0,4.0,overstable,mid_range,False
Storm Disc Golf,Wall Cloud,5.0,5.0,0.0,3.0,overstable,mid_range,False
Daredevil,Walrus,4.0,5.0,0.0,3.0,overstable,putt and approach,False
Gateway,Wand,1.0,6.0,0.0,0.0,neutral,putt and approach,False
H13 Disc Golf,Wanderlust,12.0,5.0,-1.0,2.0,neutral,distance driver,False
Premier Discs,War Bear,7.0,5.0,-3.0,1.0,understable,fairway driver,False
STM Disc Golf,War Bonnet,13.0,6.0,-2.0,2.0,neutral,distance driver,False
Premier Discs,War Dove,2.0,3.0,0.0,1.0,neutral,putt and approach,False
Black Zombie Disc Golf,War Hammer,3.0,4.0,0.0,2.0,overstable,putt and approach,False
Westside,War Horse,13.0,4.0,0.0,4.0,overstable,distance driver,False
Premier Discs,War Pigeon,2.0,3.0,0.0,3.0,overstable,putt and approach,False
Lone Star Disc,Warbird,12.0,6.0,-1.0,3.0,overstable,distance driver,False
Dynamic Discs,Warden,2.0,4.0,0.0,0.5,neutral,putt and approach,False
Innova,Warhog,3.0,3.0,0.0,1.0,neutral,putt and approach,True
Gateway,Warlock,2.0,3.0,0.0,1.0,neutral,putt and approach,False
Dynamic Discs,Warrant,5.0,5.0,-2.0,0.0,understable,mid_range,True
Gateway,Warrior,5.0,4.0,0.0,3.0,overstable,mid_range,False
Westside,Warship,5.0,6.0,0.0,1.0,neutral,mid_range,False
Gateway,Warspear,3.0,3.0,0.0,2.0,overstable,putt and approach,False
Discraft,Wasp,5.0,3.0,0.0,2.0,overstable,mid_range,False
Doomsday Discs,Wasteland,5.0,4.0,0.0,1.0,neutral,mid_range,False
MVP,Watt,2.0,5.0,-0.5,0.5,neutral,putt and approach,False
MVP,Wave,11.0,5.0,-2.0,2.0,neutral,distance driver,False
Swiftflyte,Wayfinder,8.0,4.0,-1.0,2.0,neutral,fairway driver,False
Flight Lab,Wayfinder - FL,5.0,5.0,0.0,2.0,overstable,mid_range,False
Goliath Discs,Waymaker,2.0,4.0,-1.0,2.0,neutral,putt and approach,False
Birdie,Weapon,8.0,5.0,0.0,2.5,overstable,fairway driver,False
Innova,Wedge,3.5,3.0,-3.0,1.0,understable,putt and approach,True
Yikun,Wei,10.0,5.0,-2.5,2.0,neutral,fairway driver,False
Innova,Whale,2.0,3.0,0.0,1.0,neutral,putt and approach,False
Parked LLC,Wheelie,,,,,unknown,unknown,False
Innova,Whippet,6.0,3.0,1.0,5.0,overstable,mid_range,False
Disc 4 Fun,Whisper,,,,,unknown,unknown,False
Guru Disc Golf,White Raven,7.0,6.0,-3.0,1.0,understable,fairway driver,False
Fly High Discs,White Widow,3.0,5.0,-1.0,0.0,neutral,putt and approach,True
Snap Discs,Whitler,,,,,unknown,unknown,True
Clash Discs,Wild Honey,12.0,5.0,-2.0,2.0,neutral,distance driver,False
Jester Disc Golf,Wild Thing,3.0,3.0,0.0,2.5,overstable,putt and approach,False
Discraft,Wildcat,11.0,5.0,-2.0,3.0,neutral,distance driver,True
Quest Applied Technologies,Wildfire,,,,,unknown,unknown,True
DiscPro,Wildwood Sawmill,,,,,unknown,unknown,False
FlyTec,Willow,5.0,5.0,-2.0,1.0,neutral,mid_range,True
DiscPro,Wind Surfer,,,,,unknown,unknown,False
Discraft,Windstar,,,,,unknown,unknown,True
Northstar Discs,Wingman,5.0,5.0,0.0,2.0,overstable,mid_range,False
Yikun,Wings,3.0,3.0,0.0,2.0,overstable,putt and approach,False
Gateway,Witch Doctor,3.0,4.0,0.0,2.5,overstable,putt and approach,False
Dynamic Discs,Witness,8.0,6.0,-3.0,1.0,understable,fairway driver,True
Gateway,Wizard,2.0,3.0,0.0,2.0,overstable,putt and approach,False
Las Aves Disc Golf,Wo-Hoo,,,,,unknown,unknown,True
Innova,Wolf,4.0,3.0,-4.0,1.0,understable,putt and approach,False
Daredevil,Wolverine,9.0,5.0,-2.0,2.0,neutral,fairway driver,False
Innova,Wombat,5.0,6.0,-1.0,0.0,neutral,mid_range,True
Innova,Wombat3,5.0,6.0,-1.0,0.0,neutral,mid_range,False
Loop Discs,Wonder,5.0,6.0,-1.0,1.0,neutral,mid_range,False
Daredevil,Woodchuck,2.0,2.0,-1.0,0.0,neutral,putt and approach,False
Disctroyer,Woodpecker,4.0,2.5,0.0,3.5,overstable,putt and approach,False
Westside,World,14.0,4.0,-0.5,3.0,overstable,distance driver,False
Innova,Wraith,11.0,5.0,-1.0,3.0,overstable,distance driver,False
Lone Star Disc,Wrangler,9.0,5.0,-1.0,2.0,neutral,fairway driver,False
Axiom,Wrath,9.0,4.5,-0.5,2.0,overstable,fairway driver,False
Stokely Discs,Wren,3.0,3.5,-0.5,1.0,neutral,putt and approach,False
Divergent Discs,Wyrm,9.0,2.0,0.0,5.0,overstable,fairway driver,False
Kraken Discs,Wyvern,,,,,unknown,unknown,False
Shenzhen Reanson,X 090,,,,,unknown,unknown,False
Discraft,X-Clone,,,,,unknown,unknown,True
Prodigy,X1,13.0,3.0,0.0,5.0,overstable,distance driver,True
Prodigy,X2,12.0,5.0,0.0,2.0,overstable,distance driver,True
Prodigy,X3,12.0,6.0,-1.0,2.0,neutral,distance driver,True
Prodigy,X4,12.0,6.0,-2.0,2.0,neutral,distance driver,True
Prodigy,X5,12.0,6.0,-3.0,2.0,neutral,distance driver,True
Prodigy,X6,,,,,unknown,unknown,True
Innova,XCaliber,12.0,5.0,0.0,4.0,overstable,distance driver,False
Innova,XD,3.0,4.0,-1.0,1.0,neutral,putt and approach,True
Innova,XD +,3.0,4.0,-1.0,1.0,neutral,putt and approach,True
Loft Discs,Xenon,9.0,3.0,0.0,4.0,overstable,fairway driver,False
Innova,Xero,2.0,3.0,0.0,0.0,neutral,putt and approach,False
Yikun,Xi He,9.0,5.0,-3.5,0.5,understable,fairway driver,False
Yikun,Xing,2.0,4.0,0.0,1.0,neutral,putt and approach,False
Discraft,XL,7.0,4.0,-2.0,1.0,neutral,fairway driver,True
Discraft,Xpress,8.0,5.0,-3.0,1.0,understable,fairway driver,True
Discraft,XS,8.0,5.0,0.0,3.0,overstable,fairway driver,True
Innova,XT V-Aviar,,,,,unknown,unknown,True
Discraft,XTRA,,,,,unknown,unknown,True
Discraft,Xtreme,6.0,3.0,1.0,4.0,overstable,mid_range,True
Latitude 64,XXX,7.0,3.0,0.0,4.0,overstable,fairway driver,False
Yikun,Yan,3.0,6.0,0.0,0.0,neutral,putt and approach,False
EV-7,Yang,1.0,2.0,0.0,2.0,overstable,putt and approach,False
Yikun,Yang Jian,9.0,4.0,0.0,3.0,overstable,fairway driver,False
Yikun,Yao,4.0,4.0,0.0,3.0,overstable,putt and approach,False
Hooligan Discs,Yeet,12.0,5.0,-1.0,3.0,overstable,distance driver,True
Delta Mold LLC,Yellow Disc,,,,,unknown,unknown,False
Lone Star Disc,Yellow Rose,2.0,4.0,0.0,1.0,neutral,putt and approach,False
Daredevil,Yeti,13.0,6.0,-3.0,1.0,understable,distance driver,False
Innova,Yeti Aviar,2.0,3.0,0.0,1.0,neutral,putt and approach,False
Yikun,Yi,3.0,3.0,0.0,0.0,neutral,putt and approach,False
EV-7,Yin,1.0,2.0,0.0,2.0,overstable,putt and approach,False
National Perk Service,Yosemite,,,,,unknown,unknown,False
Precision Flytes,Z Flyer,,,,,unknown,unknown,True
Uplay Disc Golf,Zeal,3.0,4.0,-2.0,0.0,understable,putt and approach,False
MVP,Zenith,11.0,5.0,-0.5,2.0,overstable,distance driver,False
Innova,Zephyr,2.0,3.0,0.0,0.0,neutral,putt and approach,True
Discraft,Zeppelin,2.5,6.0,-1.0,0.0,neutral,putt and approach,True
Discraft,Zeus,12.0,5.0,-1.0,3.0,overstable,distance driver,False
Yikun,Zheng,5.0,5.0,0.0,2.0,overstable,mid_range,False
Yikun,Zhu,7.0,5.0,0.0,2.0,overstable,fairway driver,False
Yikun,Zi Ya,12.0,5.0,0.0,3.0,overstable,distance driver,False
Cheengz,Zingback,2.0,3.0,0.0,0.0,neutral,putt and approach,False
Latitude 64,Zion,9.0,4.0,-0.5,3.0,overstable,fairway driver,True
XCom,Zion Driver,10.0,4.0,-1.0,2.0,neutral,fairway driver,False
Discraft,Zombee,6.0,4.0,-1.0,1.0,neutral,mid_range,False
Discraft,Zone,4.0,3.0,0.0,3.0,overstable,putt and approach,False
Discraft,Zone GT Banger Top,4.0,3.0,0.0,3.0,overstable,putt and approach,False
Discraft,Zone GT Ringer Top,4.0,3.0,0.0,3.0,overstable,putt and approach,False
Discraft,Zone OS,4.0,2.0,1.0,5.0,overstable,putt and approach,False
Discraft,Zone SS,4.0,4.0,-1.0,2.0,neutral,putt and approach,False
Northstar Discs,Zoom,2.0,3.0,0.0,2.0,overstable,putt and approach,False
